SKU,REGION_ID,PROMO,LIFT
2101,SC,BOGO,0.21
2508,SC,BOGO,0.26
2590,SC,BOGO,0.26
3858,SC,BOGO,0.24
2903,SC,BOGO,0.21
2442,SC,BOGO,0.24
3813,SC,BOGO,0.23
3759,SC,BOGO,0.23
3568,SC,BOGO,0.28
2182,SC,BOGO,0.25
2595,SC,BOGO,0.25
2569,SC,BOGO,0.22
3291,SC,BOGO,0.22
2122,SC,BOGO,0.26
2112,SC,BOGO,0.27
3009,SC,BOGO,0.28
2061,SC,BOGO,0.25
2576,SC,BOGO,0.28
3961,SC,BOGO,0.26
3915,SC,BOGO,0.26
3796,SC,BOGO,0.28
3787,SC,BOGO,0.24
2963,SC,BOGO,0.21
3505,SC,BOGO,0.26
2375,SC,BOGO,0.26
2636,SC,BOGO,0.23
3836,SC,BOGO,0.29
3204,SC,BOGO,0.25
2709,SC,BOGO,0.21
2965,SC,BOGO,0.24
2990,SC,BOGO,0.21
3514,SC,BOGO,0.21
3272,SC,BOGO,0.23
3808,SC,BOGO,0.25
3343,SC,BOGO,0.24
3741,SC,BOGO,0.21
3330,SC,BOGO,0.25
2784,SC,BOGO,0.24
2842,SC,BOGO,0.21
2549,SC,BOGO,0.21
2765,SC,BOGO,0.26
2150,SC,BOGO,0.26
2488,SC,BOGO,0.25
3170,SC,BOGO,0.29
3020,SC,BOGO,0.22
2119,SC,BOGO,0.26
3449,SC,BOGO,0.22
2960,SC,BOGO,0.26
3906,SC,BOGO,0.23
3772,SC,BOGO,0.29
2441,SC,BOGO,0.25
3159,SC,BOGO,0.26
3581,SC,BOGO,0.24
2354,SC,BOGO,0.24
2653,SC,BOGO,0.24
3806,SC,BOGO,0.23
3377,SC,BOGO,0.23
3450,SC,BOGO,0.26
2756,SC,BOGO,0.24
2767,SC,BOGO,0.22
2260,SC,BOGO,0.25
2170,SC,BOGO,0.24
3050,SC,BOGO,0.24
2797,SC,BOGO,0.22
3970,SC,BOGO,0.25
2339,SC,BOGO,0.24
2678,SC,BOGO,0.28
3571,SC,BOGO,0.24
2951,SC,BOGO,0.25
2434,SC,BOGO,0.23
3307,SC,BOGO,0.24
3865,SC,BOGO,0.26
2282,SC,BOGO,0.27
3590,SC,BOGO,0.26
3034,SC,BOGO,0.25
3147,SC,BOGO,0.24
3785,SC,BOGO,0.29
2563,SC,BOGO,0.25
2591,SC,BOGO,0.26
3446,SC,BOGO,0.22
2560,SC,BOGO,0.26
3490,SC,BOGO,0.28
2083,SC,BOGO,0.22
3553,SC,BOGO,0.25
3237,SC,BOGO,0.23
2471,SC,BOGO,0.25
2522,SC,BOGO,0.21
2542,SC,BOGO,0.24
2658,SC,BOGO,0.24
2048,SC,BOGO,0.28
2664,SC,BOGO,0.22
2869,SC,BOGO,0.24
2596,SC,BOGO,0.24
2638,SC,BOGO,0.27
3206,SC,BOGO,0.27
3837,SC,BOGO,0.24
3834,SC,BOGO,0.25
2497,SC,BOGO,0.28
3655,SC,BOGO,0.27
3845,SC,BOGO,0.25
3473,SC,BOGO,0.22
2006,SC,BOGO,0.25
3562,SC,BOGO,0.28
2628,SC,BOGO,0.23
3492,SC,BOGO,0.24
2872,SC,BOGO,0.25
3330,SC,BOGO,0.22
2884,SC,BOGO,0.28
3019,SC,BOGO,0.28
2524,SC,BOGO,0.28
2650,SC,BOGO,0.25
2937,SC,BOGO,0.25
2901,SC,BOGO,0.24
2139,SC,BOGO,0.27
3016,SC,BOGO,0.26
2272,SC,BOGO,0.25
3142,SC,BOGO,0.27
2285,SC,BOGO,0.22
3649,SC,BOGO,0.27
3260,SC,BOGO,0.21
3811,SC,BOGO,0.25
3147,SC,BOGO,0.27
3584,SC,BOGO,0.23
2190,SC,BOGO,0.24
2855,SC,BOGO,0.23
2400,SC,BOGO,0.27
3171,SC,BOGO,0.23
2852,SC,BOGO,0.25
3548,SC,BOGO,0.28
2463,SC,BOGO,0.26
2400,SC,BOGO,0.25
2183,SC,BOGO,0.25
3987,SC,BOGO,0.27
3011,SC,BOGO,0.25
2244,SC,BOGO,0.29
2995,SC,BOGO,0.22
3218,SC,BOGO,0.22
2620,SC,BOGO,0.27
3881,SC,BOGO,0.25
2909,SC,BOGO,0.25
3761,SC,BOGO,0.22
3944,SC,BOGO,0.28
2434,SC,BOGO,0.28
2212,SC,BOGO,0.24
3197,SC,BOGO,0.28
2209,SC,BOGO,0.25
3344,SC,BOGO,0.25
2913,SC,BOGO,0.29
3914,SC,BOGO,0.24
3078,SC,BOGO,0.24
3743,SC,BOGO,0.26
3938,SC,BOGO,0.21
3009,SC,BOGO,0.25
3774,SC,BOGO,0.21
2308,SC,BOGO,0.26
2461,SC,BOGO,0.28
3392,SC,BOGO,0.24
3968,SC,BOGO,0.27
2646,SC,BOGO,0.24
3527,SC,BOGO,0.25
2349,SC,BOGO,0.23
2339,SC,BOGO,0.21
2049,SC,BOGO,0.26
2179,SC,BOGO,0.24
3634,SC,BOGO,0.26
3230,SC,BOGO,0.22
3276,SC,BOGO,0.26
2814,SC,BOGO,0.24
3023,SC,BOGO,0.26
3526,SC,BOGO,0.23
2608,SC,BOGO,0.27
2302,SC,BOGO,0.29
2077,SC,BOGO,0.29
2559,SC,BOGO,0.24
3206,SC,BOGO,0.24
3210,SC,BOGO,0.27
2443,SC,BOGO,0.28
3340,SC,BOGO,0.26
3582,SC,BOGO,0.25
3897,SC,BOGO,0.29
3122,SC,BOGO,0.26
3811,SC,BOGO,0.29
2019,SC,BOGO,0.22
2863,SC,BOGO,0.28
2224,SC,BOGO,0.25
2563,SC,BOGO,0.25
2722,SC,BOGO,0.27
3283,SC,BOGO,0.28
3358,SC,BOGO,0.28
3276,SC,BOGO,0.26
3215,SC,BOGO,0.25
2662,SC,BOGO,0.22
2148,SC,BOGO,0.22
2289,SC,BOGO,0.29
3818,SC,BOGO,0.28
2843,SC,BOGO,0.25
2222,SC,BOGO,0.25
3439,SC,BOGO,0.21
3052,SC,BOGO,0.22
3898,SC,BOGO,0.23
2353,SC,BOGO,0.23
3761,SC,BOGO,0.28
3066,SC,BOGO,0.23
3134,SC,BOGO,0.21
2655,SC,BOGO,0.26
3811,SC,BOGO,0.22
2272,SC,BOGO,0.23
3760,SC,BOGO,0.21
2136,SC,BOGO,0.25
3938,SC,BOGO,0.25
3544,SC,BOGO,0.28
2025,SC,BOGO,0.23
3784,SC,BOGO,0.26
3485,SC,BOGO,0.21
2848,SC,BOGO,0.22
2202,SC,BOGO,0.24
2348,SC,BOGO,0.26
2176,SC,BOGO,0.29
3574,SC,BOGO,0.26
3862,SC,BOGO,0.25
2653,SC,BOGO,0.23
3943,SC,BOGO,0.25
2175,SC,BOGO,0.29
2869,SC,BOGO,0.28
2244,SC,BOGO,0.27
2030,SC,BOGO,0.27
3227,SC,BOGO,0.26
2388,SC,BOGO,0.24
3347,SC,BOGO,0.24
2274,SC,BOGO,0.22
2541,SC,BOGO,0.26
3420,SC,BOGO,0.22
3252,SC,BOGO,0.22
3713,SC,BOGO,0.28
2362,SC,BOGO,0.25
2003,SC,BOGO,0.28
2147,SC,BOGO,0.28
2107,SC,BOGO,0.25
3993,SC,BOGO,0.26
3247,SC,BOGO,0.25
3652,SC,BOGO,0.21
2859,SC,BOGO,0.29
2838,SC,BOGO,0.25
3878,SC,BOGO,0.21
2508,SC,BOGO,0.22
3732,SC,BOGO,0.26
2871,SC,BOGO,0.24
2872,SC,BOGO,0.21
3084,SC,BOGO,0.26
3344,SC,BOGO,0.25
2693,SC,BOGO,0.24
3264,SC,BOGO,0.26
2939,SC,BOGO,0.27
3928,SC,BOGO,0.26
2623,SC,BOGO,0.23
3992,SC,BOGO,0.25
2590,SC,BOGO,0.22
2450,SC,BOGO,0.24
2658,SC,BOGO,0.25
3894,SC,BOGO,0.28
2648,SC,BOGO,0.26
3781,SC,BOGO,0.27
3925,SC,BOGO,0.25
2800,SC,BOGO,0.23
3274,SC,BOGO,0.26
2957,SC,BOGO,0.28
3416,SC,BOGO,0.23
3837,SC,BOGO,0.21
2947,SC,BOGO,0.22
2725,SC,BOGO,0.27
3522,SC,BOGO,0.28
2776,SC,BOGO,0.26
2278,SC,BOGO,0.26
2145,SC,BOGO,0.21
2842,SC,BOGO,0.27
3008,SC,BOGO,0.24
2861,SC,BOGO,0.29
3642,SC,BOGO,0.25
3891,SC,BOGO,0.28
2538,SC,BOGO,0.22
3380,SC,BOGO,0.24
2572,SC,BOGO,0.26
2674,SC,BOGO,0.25
2125,SC,BOGO,0.25
3735,SC,BOGO,0.26
3289,SC,BOGO,0.21
2303,SC,BOGO,0.24
3310,SC,BOGO,0.24
2916,SC,BOGO,0.27
2151,SC,BOGO,0.22
2824,SC,BOGO,0.24
2520,SC,BOGO,0.25
3337,SC,BOGO,0.28
2105,SC,BOGO,0.26
2578,SC,BOGO,0.26
2701,SC,BOGO,0.27
2273,SC,BOGO,0.26
3976,SC,BOGO,0.21
2076,SC,BOGO,0.26
2734,SC,BOGO,0.29
3483,SC,BOGO,0.27
2650,SC,BOGO,0.22
3791,SC,BOGO,0.29
2193,SC,BOGO,0.24
3394,SC,BOGO,0.24
3760,SC,BOGO,0.22
2956,SC,BOGO,0.18
2813,SC,BOGO,0.23
3124,SC,BOGO,0.24
2260,SC,BOGO,0.2
2467,SC,BOGO,0.26
2296,SC,BOGO,0.25
2489,SC,BOGO,0.25
3558,SC,BOGO,0.22
2625,SC,BOGO,0.23
2101,SC,BOGO,0.24
3727,SC,BOGO,0.18
2190,SC,BOGO,0.24
2188,SC,BOGO,0.18
2125,SC,BOGO,0.23
2298,SC,BOGO,0.25
2757,SC,BOGO,0.21
2245,SC,BOGO,0.19
3023,SC,BOGO,0.19
2242,SC,BOGO,0.21
2211,SC,BOGO,0.23
3413,SC,BOGO,0.24
2027,SC,BOGO,0.21
2047,SC,BOGO,0.23
3245,SC,BOGO,0.18
2543,SC,BOGO,0.19
2265,SC,BOGO,0.23
2022,SC,BOGO,0.23
2409,SC,BOGO,0.19
3020,SC,BOGO,0.21
2904,SC,BOGO,0.23
2114,SC,BOGO,0.21
2979,SC,BOGO,0.26
2182,SC,BOGO,0.21
3685,SC,BOGO,0.21
3126,SC,BOGO,0.18
3425,SC,BOGO,0.23
3727,SC,BOGO,0.26
3627,SC,BOGO,0.24
3900,SC,BOGO,0.23
2316,SC,BOGO,0.24
2179,SC,BOGO,0.21
3225,SC,BOGO,0.2
2590,SC,BOGO,0.18
2355,SC,BOGO,0.22
2412,SC,BOGO,0.24
2175,SC,BOGO,0.25
3835,SC,BOGO,0.21
3391,SC,BOGO,0.25
3487,SC,BOGO,0.18
3365,SC,BOGO,0.25
2984,SC,BOGO,0.21
2069,SC,BOGO,0.25
3077,SC,BOGO,0.25
3551,SC,BOGO,0.25
3404,SC,BOGO,0.2
2375,SC,BOGO,0.26
2105,SC,BOGO,0.19
3657,SC,BOGO,0.25
3598,SC,BOGO,0.25
2230,SC,BOGO,0.23
3281,SC,BOGO,0.2
2116,SC,BOGO,0.21
3038,SC,BOGO,0.23
2461,SC,BOGO,0.21
2312,SC,BOGO,0.19
3459,SC,BOGO,0.22
2245,SC,BOGO,0.23
3312,SC,BOGO,0.19
3309,SC,BOGO,0.22
3973,SC,BOGO,0.24
2146,SC,BOGO,0.23
2661,SC,BOGO,0.23
2820,SC,BOGO,0.23
2561,SC,BOGO,0.23
2145,SC,BOGO,0.25
3441,SC,BOGO,0.24
2914,SC,BOGO,0.25
2501,SC,BOGO,0.21
3414,SC,BOGO,0.21
3093,SC,BOGO,0.24
2889,SC,BOGO,0.21
3002,SC,BOGO,0.22
3109,SC,BOGO,0.25
2475,SC,BOGO,0.21
3094,SC,BOGO,0.18
2176,SC,BOGO,0.2
2333,SC,BOGO,0.21
3276,SC,BOGO,0.25
3019,SC,BOGO,0.23
2142,SC,BOGO,0.24
2690,SC,BOGO,0.22
2975,SC,BOGO,0.22
3180,SC,BOGO,0.18
3865,SC,BOGO,0.23
3996,SC,BOGO,0.24
2887,SC,BOGO,0.19
2085,SC,BOGO,0.25
2829,SC,BOGO,0.21
2415,SC,BOGO,0.23
3026,SC,BOGO,0.22
3733,SC,BOGO,0.18
2063,SC,BOGO,0.21
2866,SC,BOGO,0.22
3237,SC,BOGO,0.22
3864,SC,BOGO,0.23
2140,SC,BOGO,0.26
2722,SC,BOGO,0.23
3703,SC,BOGO,0.21
3704,SC,BOGO,0.21
3773,SC,BOGO,0.21
3844,SC,BOGO,0.19
2870,SC,BOGO,0.21
3483,SC,BOGO,0.23
3300,SC,BOGO,0.18
2414,SC,BOGO,0.22
2948,SC,BOGO,0.25
2144,SC,BOGO,0.25
3948,SC,BOGO,0.2
2633,SC,BOGO,0.21
3001,SC,BOGO,0.24
3032,SC,BOGO,0.25
3003,SC,BOGO,0.22
2117,SC,BOGO,0.21
3449,SC,BOGO,0.22
3693,SC,BOGO,0.21
3069,SC,BOGO,0.22
3086,SC,BOGO,0.22
3867,SC,BOGO,0.22
2235,SC,BOGO,0.19
3704,SC,BOGO,0.18
3362,SC,BOGO,0.21
2877,SC,BOGO,0.26
3010,SC,BOGO,0.26
2622,SC,BOGO,0.19
2738,SC,BOGO,0.25
3773,SC,BOGO,0.21
3168,SC,BOGO,0.23
3546,SC,BOGO,0.21
3126,SC,BOGO,0.23
2642,SC,BOGO,0.25
3783,SC,BOGO,0.22
2048,SC,BOGO,0.25
2130,SC,BOGO,0.19
2899,SC,BOGO,0.21
3488,SC,BOGO,0.22
3925,SC,BOGO,0.25
2365,SC,BOGO,0.24
3599,SC,BOGO,0.22
2209,SC,BOGO,0.26
2566,SC,BOGO,0.2
3764,SC,BOGO,0.18
2008,SC,BOGO,0.2
2015,SC,BOGO,0.21
2223,SC,BOGO,0.25
2912,SC,BOGO,0.23
2337,SC,BOGO,0.25
2647,SC,BOGO,0.21
3050,SC,BOGO,0.22
2965,SC,BOGO,0.22
3889,SC,BOGO,0.23
2825,SC,BOGO,0.26
2708,SC,BOGO,0.23
3963,SC,BOGO,0.23
2527,SC,BOGO,0.23
2123,SC,BOGO,0.21
3438,SC,BOGO,0.26
3925,SC,BOGO,0.21
2299,SC,BOGO,0.25
2278,SC,BOGO,0.19
3359,SC,BOGO,0.26
2278,SC,BOGO,0.25
3842,SC,BOGO,0.23
3724,SC,BOGO,0.23
2990,SC,BOGO,0.22
3234,SC,BOGO,0.18
3789,SC,BOGO,0.21
2902,SC,BOGO,0.26
3648,SC,BOGO,0.26
2179,SC,BOGO,0.21
3505,SC,BOGO,0.23
3421,SC,BOGO,0.23
3567,SC,BOGO,0.23
3346,SC,BOGO,0.2
2547,SC,BOGO,0.21
3417,SC,BOGO,0.2
3908,SC,BOGO,0.2
3294,SC,BOGO,0.25
3248,SC,BOGO,0.22
2867,SC,BOGO,0.19
3706,SC,BOGO,0.26
3617,SC,BOGO,0.23
3111,SC,BOGO,0.25
2543,SC,BOGO,0.25
3054,SC,BOGO,0.21
3629,SC,BOGO,0.22
2315,SC,BOGO,0.23
3665,SC,BOGO,0.21
2537,SC,BOGO,0.24
3454,SC,BOGO,0.23
3674,SC,BOGO,0.21
2803,SC,BOGO,0.21
3807,SC,BOGO,0.2
2854,SC,BOGO,0.21
3542,SC,BOGO,0.18
2583,SC,BOGO,0.25
3380,SC,BOGO,0.21
3651,SC,BOGO,0.21
2030,SC,BOGO,0.21
3202,SC,BOGO,0.21
2529,SC,BOGO,0.2
2351,SC,BOGO,0.22
2381,SC,BOGO,0.26
3466,SC,BOGO,0.21
2582,SC,BOGO,0.21
2016,SC,BOGO,0.24
2772,SC,BOGO,0.19
3296,SC,BOGO,0.23
2592,SC,BOGO,0.18
3596,SC,BOGO,0.21
2014,SC,BOGO,0.25
3189,SC,BOGO,0.23
2270,SC,BOGO,0.23
2581,SC,BOGO,0.26
2379,SC,BOGO,0.24
2189,SC,BOGO,0.2
2895,SC,BOGO,0.23
2264,SC,BOGO,0.25
2610,SC,BOGO,0.23
2737,SC,BOGO,0.18
2327,SC,BOGO,0.25
2891,SC,BOGO,0.25
3665,SC,BOGO,0.21
2529,SC,BOGO,0.22
2794,SC,BOGO,0.19
3781,SC,BOGO,0.23
2492,SC,BOGO,0.25
3441,SC,BOGO,0.23
2972,SC,BOGO,0.24
3007,SC,BOGO,0.18
2362,SC,BOGO,0.23
2362,SC,BOGO,0.22
2242,SC,BOGO,0.2
2264,SC,BOGO,0.21
2950,SC,BOGO,0.21
3072,SC,BOGO,0.23
2356,SC,BOGO,0.26
3810,SC,BOGO,0.2
2785,SC,BOGO,0.21
2457,SC,BOGO,0.19
2635,SC,BOGO,0.24
2438,SC,BOGO,0.23
3607,SC,BOGO,0.18
3421,SC,BOGO,0.22
3014,SC,BOGO,0.22
3960,SC,BOGO,0.21
2502,SC,BOGO,0.24
3302,SC,BOGO,0.23
3938,SC,BOGO,0.21
3434,SC,BOGO,0.18
2303,SC,BOGO,0.22
3144,SC,BOGO,0.23
2819,SC,BOGO,0.18
2098,SC,BOGO,0.22
3492,SC,BOGO,0.24
3394,SC,BOGO,0.19
2193,SC,BOGO,0.21
2035,SC,BOGO,0.18
3881,SC,BOGO,0.21
2958,SC,BOGO,0.21
2555,SC,BOGO,0.18
3665,SC,BOGO,0.22
3927,SC,BOGO,0.2
2274,SC,BOGO,0.2
2405,SC,BOGO,0.18
3064,SC,BOGO,0.21
2304,SC,BOGO,0.21
2339,SC,BOGO,0.18
3283,SC,BOGO,0.22
2974,SC,BOGO,0.24
3705,SC,BOGO,0.2
3287,SC,BOGO,0.21
2698,SC,BOGO,0.18
3438,SC,BOGO,0.23
2350,SC,BOGO,0.21
2439,SC,BOGO,0.25
2093,SC,BOGO,0.22
2559,SC,BOGO,0.21
2142,SC,BOGO,0.23
3941,SC,BOGO,0.23
2905,SC,BOGO,0.23
3248,SC,BOGO,0.18
2827,SC,BOGO,0.21
3587,SC,BOGO,0.18
3335,SC,BOGO,0.19
3053,SC,BOGO,0.26
2241,SC,BOGO,0.19
2780,SC,BOGO,0.22
2720,SC,BOGO,0.23
3544,SC,BOGO,0.22
3120,SC,BOGO,0.19
3020,SC,BOGO,0.25
2629,SC,BOGO,0.21
2501,SC,BOGO,0.22
2662,SC,BOGO,0.24
2573,SC,BOGO,0.23
3589,SC,BOGO,0.21
3815,SC,BOGO,0.21
2313,SC,BOGO,0.22
3161,SC,BOGO,0.22
3539,SC,BOGO,0.25
2660,SC,BOGO,0.19
3304,SC,BOGO,0.21
3001,SC,BOGO,0.18
3256,SC,BOGO,0.18
2424,SC,BOGO,0.21
2308,SC,BOGO,0.21
3842,SC,BOGO,0.23
3447,SC,BOGO,0.16
2959,SC,BOGO,0.19
3675,SC,BOGO,0.18
2397,SC,BOGO,0.2
2337,SC,BOGO,0.19
3773,SC,BOGO,0.19
2110,SC,BOGO,0.17
3260,SC,BOGO,0.21
2608,SC,BOGO,0.19
2486,SC,BOGO,0.18
3944,SC,BOGO,0.2
2265,SC,BOGO,0.18
2914,SC,BOGO,0.15
2167,SC,BOGO,0.16
3341,SC,BOGO,0.19
3565,SC,BOGO,0.19
2900,SC,BOGO,0.15
2303,SC,BOGO,0.16
3348,SC,BOGO,0.19
2375,SC,BOGO,0.22
3971,SC,BOGO,0.15
2678,SC,BOGO,0.2
2791,SC,BOGO,0.23
3873,SC,BOGO,0.18
3370,SC,BOGO,0.21
3993,SC,BOGO,0.21
2063,SC,BOGO,0.17
3472,SC,BOGO,0.22
3796,SC,BOGO,0.15
2821,SC,BOGO,0.19
3357,SC,BOGO,0.18
2987,SC,BOGO,0.22
3962,SC,BOGO,0.16
3744,SC,BOGO,0.18
3685,SC,BOGO,0.17
3460,SC,BOGO,0.23
3142,SC,BOGO,0.16
3026,SC,BOGO,0.18
2781,SC,BOGO,0.2
2834,SC,BOGO,0.18
2674,SC,BOGO,0.19
2495,SC,BOGO,0.19
2206,SC,BOGO,0.19
3416,SC,BOGO,0.19
3883,SC,BOGO,0.17
3917,SC,BOGO,0.2
3865,SC,BOGO,0.15
2769,SC,BOGO,0.18
3387,SC,BOGO,0.19
2092,SC,BOGO,0.22
2621,SC,BOGO,0.18
2534,SC,BOGO,0.2
3576,SC,BOGO,0.19
3601,SC,BOGO,0.19
2867,SC,BOGO,0.18
3855,SC,BOGO,0.23
3636,SC,BOGO,0.19
2562,SC,BOGO,0.2
2242,SC,BOGO,0.22
2577,SC,BOGO,0.22
3514,SC,BOGO,0.17
3705,SC,BOGO,0.22
3382,SC,BOGO,0.17
2123,SC,BOGO,0.2
3147,SC,BOGO,0.21
2691,SC,BOGO,0.2
2654,SC,BOGO,0.16
2901,SC,BOGO,0.22
2421,SC,BOGO,0.18
2508,SC,BOGO,0.22
2854,SC,BOGO,0.19
3976,SC,BOGO,0.2
3063,SC,BOGO,0.15
2558,SC,BOGO,0.18
3747,SC,BOGO,0.23
2773,SC,BOGO,0.21
2256,SC,BOGO,0.21
3600,SC,BOGO,0.2
2283,SC,BOGO,0.15
3490,SC,BOGO,0.19
3908,SC,BOGO,0.18
2094,SC,BOGO,0.2
2731,SC,BOGO,0.22
3790,SC,BOGO,0.18
3827,SC,BOGO,0.22
3370,SC,BOGO,0.2
3831,SC,BOGO,0.21
2695,SC,BOGO,0.16
3563,SC,BOGO,0.17
3353,SC,BOGO,0.18
3784,SC,BOGO,0.18
3421,SC,BOGO,0.23
3099,SC,BOGO,0.2
3032,SC,BOGO,0.18
3252,SC,BOGO,0.22
3031,SC,BOGO,0.18
3087,SC,BOGO,0.21
2112,SC,BOGO,0.21
2776,SC,BOGO,0.17
3710,SC,BOGO,0.2
3834,SC,BOGO,0.2
3411,SC,BOGO,0.23
2102,SC,BOGO,0.19
2228,SC,BOGO,0.19
2739,SC,BOGO,0.16
2165,SC,BOGO,0.23
3310,SC,BOGO,0.22
2760,SC,BOGO,0.2
2475,SC,BOGO,0.2
2118,SC,BOGO,0.2
2876,SC,BOGO,0.18
3369,SC,BOGO,0.23
3774,SC,BOGO,0.18
3368,SC,BOGO,0.2
2835,SC,BOGO,0.16
3069,SC,BOGO,0.19
2101,NC,BOGO,0.25
2508,NC,BOGO,0.26
2590,NC,BOGO,0.21
3858,NC,BOGO,0.21
2903,NC,BOGO,0.23
2442,NC,BOGO,0.23
3813,NC,BOGO,0.23
3759,NC,BOGO,0.23
3568,NC,BOGO,0.19
2182,NC,BOGO,0.25
2595,NC,BOGO,0.26
2569,NC,BOGO,0.26
3291,NC,BOGO,0.26
2122,NC,BOGO,0.26
2112,NC,BOGO,0.19
3009,NC,BOGO,0.23
2061,NC,BOGO,0.22
2576,NC,BOGO,0.18
3961,NC,BOGO,0.2
3915,NC,BOGO,0.18
3796,NC,BOGO,0.21
3787,NC,BOGO,0.22
2963,NC,BOGO,0.25
3505,NC,BOGO,0.2
2375,NC,BOGO,0.22
2636,NC,BOGO,0.21
3836,NC,BOGO,0.26
3204,NC,BOGO,0.23
2709,NC,BOGO,0.22
2965,NC,BOGO,0.22
2990,NC,BOGO,0.18
3514,NC,BOGO,0.19
3272,NC,BOGO,0.22
3808,NC,BOGO,0.23
3343,NC,BOGO,0.24
3741,NC,BOGO,0.24
3330,NC,BOGO,0.22
2784,NC,BOGO,0.24
2842,NC,BOGO,0.22
2549,NC,BOGO,0.23
2765,NC,BOGO,0.19
2150,NC,BOGO,0.18
2488,NC,BOGO,0.19
3170,NC,BOGO,0.23
3020,NC,BOGO,0.26
2119,NC,BOGO,0.24
3449,NC,BOGO,0.25
2960,NC,BOGO,0.23
3906,NC,BOGO,0.18
3772,NC,BOGO,0.2
2441,NC,BOGO,0.22
3159,NC,BOGO,0.19
3581,NC,BOGO,0.2
2354,NC,BOGO,0.19
2653,NC,BOGO,0.21
3806,NC,BOGO,0.22
3377,NC,BOGO,0.24
3450,NC,BOGO,0.2
2756,NC,BOGO,0.19
2767,NC,BOGO,0.18
2260,NC,BOGO,0.21
2170,NC,BOGO,0.25
3050,NC,BOGO,0.18
2797,NC,BOGO,0.26
3970,NC,BOGO,0.23
2339,NC,BOGO,0.18
2678,NC,BOGO,0.23
3571,NC,BOGO,0.19
2951,NC,BOGO,0.21
2434,NC,BOGO,0.25
3307,NC,BOGO,0.22
3865,NC,BOGO,0.19
2282,NC,BOGO,0.22
3590,NC,BOGO,0.26
3034,NC,BOGO,0.25
3147,NC,BOGO,0.19
3785,NC,BOGO,0.23
2563,NC,BOGO,0.18
2591,NC,BOGO,0.21
3446,NC,BOGO,0.25
2560,NC,BOGO,0.2
3490,NC,BOGO,0.22
2083,NC,BOGO,0.19
3553,NC,BOGO,0.21
3237,NC,BOGO,0.18
2471,NC,BOGO,0.22
2522,NC,BOGO,0.22
2542,NC,BOGO,0.19
2658,NC,BOGO,0.18
2048,NC,BOGO,0.25
2664,NC,BOGO,0.22
2869,NC,BOGO,0.23
2596,NC,BOGO,0.21
2638,NC,BOGO,0.21
3206,NC,BOGO,0.23
3837,NC,BOGO,0.18
3834,NC,BOGO,0.23
2497,NC,BOGO,0.21
3655,NC,BOGO,0.24
3845,NC,BOGO,0.22
3473,NC,BOGO,0.18
2006,NC,BOGO,0.22
3562,NC,BOGO,0.22
2628,NC,BOGO,0.23
3492,NC,BOGO,0.25
2872,NC,BOGO,0.19
3330,NC,BOGO,0.22
2884,NC,BOGO,0.25
3019,NC,BOGO,0.22
2524,NC,BOGO,0.19
2650,NC,BOGO,0.23
2937,NC,BOGO,0.23
2901,NC,BOGO,0.24
2139,NC,BOGO,0.21
3016,NC,BOGO,0.21
2272,NC,BOGO,0.2
3142,NC,BOGO,0.19
2285,NC,BOGO,0.26
3649,NC,BOGO,0.26
3260,NC,BOGO,0.22
3811,NC,BOGO,0.18
3147,NC,BOGO,0.22
3584,NC,BOGO,0.26
2190,NC,BOGO,0.22
2855,NC,BOGO,0.21
2400,NC,BOGO,0.21
3171,NC,BOGO,0.18
2852,NC,BOGO,0.21
3548,NC,BOGO,0.26
2463,NC,BOGO,0.25
2400,NC,BOGO,0.21
2183,NC,BOGO,0.18
3987,NC,BOGO,0.26
3011,NC,BOGO,0.23
2244,NC,BOGO,0.19
2995,NC,BOGO,0.18
3218,NC,BOGO,0.21
2620,NC,BOGO,0.22
3881,NC,BOGO,0.25
2909,NC,BOGO,0.21
3761,NC,BOGO,0.22
3944,NC,BOGO,0.21
2434,NC,BOGO,0.22
2212,NC,BOGO,0.2
3197,NC,BOGO,0.26
2209,NC,BOGO,0.24
3344,NC,BOGO,0.26
2913,NC,BOGO,0.19
3914,NC,BOGO,0.21
3078,NC,BOGO,0.19
3743,NC,BOGO,0.21
3938,NC,BOGO,0.22
3009,NC,BOGO,0.18
3774,NC,BOGO,0.24
2308,NC,BOGO,0.24
2461,NC,BOGO,0.24
3392,NC,BOGO,0.19
3968,NC,BOGO,0.22
2646,NC,BOGO,0.23
3527,NC,BOGO,0.24
2349,NC,BOGO,0.22
2339,NC,BOGO,0.22
2049,NC,BOGO,0.24
2179,NC,BOGO,0.23
3634,NC,BOGO,0.21
3230,NC,BOGO,0.22
3276,NC,BOGO,0.21
2814,NC,BOGO,0.22
3023,NC,BOGO,0.19
3526,NC,BOGO,0.22
2608,NC,BOGO,0.25
2302,NC,BOGO,0.23
2077,NC,BOGO,0.23
2559,NC,BOGO,0.22
3206,NC,BOGO,0.22
3210,NC,BOGO,0.23
2443,NC,BOGO,0.22
3340,NC,BOGO,0.18
3582,NC,BOGO,0.19
3897,NC,BOGO,0.18
3122,NC,BOGO,0.21
3811,NC,BOGO,0.26
2019,NC,BOGO,0.21
2863,NC,BOGO,0.19
2224,NC,BOGO,0.19
2563,NC,BOGO,0.2
2722,NC,BOGO,0.25
3283,NC,BOGO,0.23
3358,NC,BOGO,0.25
3276,NC,BOGO,0.23
3215,NC,BOGO,0.23
2662,NC,BOGO,0.21
2148,NC,BOGO,0.21
2289,NC,BOGO,0.18
3818,NC,BOGO,0.23
2843,NC,BOGO,0.22
2222,NC,BOGO,0.24
3439,NC,BOGO,0.22
3052,NC,BOGO,0.22
3898,NC,BOGO,0.21
2353,NC,BOGO,0.23
3761,NC,BOGO,0.23
3066,NC,BOGO,0.21
3134,NC,BOGO,0.22
2655,NC,BOGO,0.18
3811,NC,BOGO,0.2
2272,NC,BOGO,0.2
3760,NC,BOGO,0.23
2136,NC,BOGO,0.22
3938,NC,BOGO,0.22
3544,NC,BOGO,0.23
2025,NC,BOGO,0.22
3784,NC,BOGO,0.23
3485,NC,BOGO,0.26
2848,NC,BOGO,0.18
2202,NC,BOGO,0.22
2348,NC,BOGO,0.25
2176,NC,BOGO,0.2
3574,NC,BOGO,0.18
3862,NC,BOGO,0.18
2653,NC,BOGO,0.25
3943,NC,BOGO,0.25
2175,NC,BOGO,0.24
2869,NC,BOGO,0.2
2244,NC,BOGO,0.21
2030,NC,BOGO,0.25
3227,NC,BOGO,0.18
2388,NC,BOGO,0.23
3347,NC,BOGO,0.21
2274,NC,BOGO,0.24
2541,NC,BOGO,0.26
3420,NC,BOGO,0.18
3252,NC,BOGO,0.23
3713,NC,BOGO,0.22
2362,NC,BOGO,0.23
2003,NC,BOGO,0.2
2147,NC,BOGO,0.22
2107,NC,BOGO,0.26
3993,NC,BOGO,0.2
3247,NC,BOGO,0.19
3652,NC,BOGO,0.21
2859,NC,BOGO,0.21
2838,NC,BOGO,0.23
3878,NC,BOGO,0.2
2508,NC,BOGO,0.26
3732,NC,BOGO,0.26
2871,NC,BOGO,0.21
2872,NC,BOGO,0.2
3084,NC,BOGO,0.21
3344,NC,BOGO,0.2
2693,NC,BOGO,0.23
3264,NC,BOGO,0.21
2939,NC,BOGO,0.2
3928,NC,BOGO,0.24
2623,NC,BOGO,0.24
3992,NC,BOGO,0.22
2590,NC,BOGO,0.19
2450,NC,BOGO,0.25
2658,NC,BOGO,0.23
3894,NC,BOGO,0.22
2648,NC,BOGO,0.21
3781,NC,BOGO,0.18
3925,NC,BOGO,0.22
2800,NC,BOGO,0.21
3274,NC,BOGO,0.21
2957,NC,BOGO,0.25
3416,NC,BOGO,0.19
3837,NC,BOGO,0.22
2947,NC,BOGO,0.2
2725,NC,BOGO,0.22
3522,NC,BOGO,0.23
2776,NC,BOGO,0.21
2278,NC,BOGO,0.25
2145,NC,BOGO,0.22
2842,NC,BOGO,0.24
3008,NC,BOGO,0.22
2861,NC,BOGO,0.22
3642,NC,BOGO,0.26
3891,NC,BOGO,0.25
2538,NC,BOGO,0.18
3380,NC,BOGO,0.19
2572,NC,BOGO,0.22
2674,NC,BOGO,0.24
2125,NC,BOGO,0.23
3735,NC,BOGO,0.24
3289,NC,BOGO,0.21
2303,NC,BOGO,0.21
3310,NC,BOGO,0.23
2916,NC,BOGO,0.2
2151,NC,BOGO,0.22
2824,NC,BOGO,0.18
2520,NC,BOGO,0.21
3337,NC,BOGO,0.22
2105,NC,BOGO,0.19
2578,NC,BOGO,0.23
2701,NC,BOGO,0.19
2273,NC,BOGO,0.26
3976,NC,BOGO,0.23
2076,NC,BOGO,0.22
2734,NC,BOGO,0.19
3483,NC,BOGO,0.23
2650,NC,BOGO,0.24
3791,NC,BOGO,0.22
2193,NC,BOGO,0.21
3394,NC,BOGO,0.21
3760,NC,BOGO,0.18
2956,NC,BOGO,0.22
2813,NC,BOGO,0.17
3124,NC,BOGO,0.2
2260,NC,BOGO,0.19
2467,NC,BOGO,0.2
2296,NC,BOGO,0.17
2489,NC,BOGO,0.16
3558,NC,BOGO,0.15
2625,NC,BOGO,0.17
2101,NC,BOGO,0.17
3727,NC,BOGO,0.16
2190,NC,BOGO,0.16
2188,NC,BOGO,0.22
2125,NC,BOGO,0.19
2298,NC,BOGO,0.18
2757,NC,BOGO,0.19
2245,NC,BOGO,0.22
3023,NC,BOGO,0.22
2242,NC,BOGO,0.19
2211,NC,BOGO,0.19
3413,NC,BOGO,0.17
2027,NC,BOGO,0.19
2047,NC,BOGO,0.17
3245,NC,BOGO,0.2
2543,NC,BOGO,0.17
2265,NC,BOGO,0.22
2022,NC,BOGO,0.15
2409,NC,BOGO,0.19
3020,NC,BOGO,0.18
2904,NC,BOGO,0.15
2114,NC,BOGO,0.2
2979,NC,BOGO,0.21
2182,NC,BOGO,0.15
3685,NC,BOGO,0.19
3126,NC,BOGO,0.16
3425,NC,BOGO,0.18
3727,NC,BOGO,0.18
3627,NC,BOGO,0.19
3900,NC,BOGO,0.18
2316,NC,BOGO,0.18
2179,NC,BOGO,0.19
3225,NC,BOGO,0.2
2590,NC,BOGO,0.18
2355,NC,BOGO,0.17
2412,NC,BOGO,0.21
2175,NC,BOGO,0.19
3835,NC,BOGO,0.23
3391,NC,BOGO,0.22
3487,NC,BOGO,0.22
3365,NC,BOGO,0.2
2984,NC,BOGO,0.21
2069,NC,BOGO,0.19
3077,NC,BOGO,0.16
3551,NC,BOGO,0.19
3404,NC,BOGO,0.19
2375,NC,BOGO,0.18
2105,NC,BOGO,0.18
3657,NC,BOGO,0.19
3598,NC,BOGO,0.18
2230,NC,BOGO,0.19
3281,NC,BOGO,0.2
2116,NC,BOGO,0.2
3038,NC,BOGO,0.22
2461,NC,BOGO,0.19
2312,NC,BOGO,0.16
3459,NC,BOGO,0.19
2245,NC,BOGO,0.2
3312,NC,BOGO,0.17
3309,NC,BOGO,0.17
3973,NC,BOGO,0.2
2146,NC,BOGO,0.19
2661,NC,BOGO,0.19
2820,NC,BOGO,0.16
2561,NC,BOGO,0.2
2145,NC,BOGO,0.23
3441,NC,BOGO,0.22
2914,NC,BOGO,0.16
2501,NC,BOGO,0.2
3414,NC,BOGO,0.15
3093,NC,BOGO,0.22
2889,NC,BOGO,0.21
3002,NC,BOGO,0.22
3109,NC,BOGO,0.2
2475,NC,BOGO,0.18
3094,NC,BOGO,0.23
2176,NC,BOGO,0.21
2333,NC,BOGO,0.21
3276,NC,BOGO,0.23
3019,NC,BOGO,0.2
2142,NC,BOGO,0.15
2690,NC,BOGO,0.17
2975,NC,BOGO,0.22
3180,NC,BOGO,0.21
3865,NC,BOGO,0.2
3996,NC,BOGO,0.16
2887,NC,BOGO,0.17
2085,NC,BOGO,0.2
2829,NC,BOGO,0.23
2415,NC,BOGO,0.15
3026,NC,BOGO,0.18
3733,NC,BOGO,0.18
2063,NC,BOGO,0.2
2866,NC,BOGO,0.19
3237,NC,BOGO,0.21
3864,NC,BOGO,0.19
2140,NC,BOGO,0.19
2722,NC,BOGO,0.16
3703,NC,BOGO,0.18
3704,NC,BOGO,0.19
3773,NC,BOGO,0.19
3844,NC,BOGO,0.2
2870,NC,BOGO,0.2
3483,NC,BOGO,0.18
3300,NC,BOGO,0.21
2414,NC,BOGO,0.19
2948,NC,BOGO,0.23
2144,NC,BOGO,0.21
3948,NC,BOGO,0.21
2633,NC,BOGO,0.19
3001,NC,BOGO,0.2
3032,NC,BOGO,0.2
3003,NC,BOGO,0.23
2117,NC,BOGO,0.18
3449,NC,BOGO,0.2
3693,NC,BOGO,0.22
3069,NC,BOGO,0.16
3086,NC,BOGO,0.16
3867,NC,BOGO,0.23
2235,NC,BOGO,0.2
3704,NC,BOGO,0.22
3362,NC,BOGO,0.16
2877,NC,BOGO,0.22
3010,NC,BOGO,0.16
2622,NC,BOGO,0.18
2738,NC,BOGO,0.18
3773,NC,BOGO,0.18
3168,NC,BOGO,0.2
3546,NC,BOGO,0.16
3126,NC,BOGO,0.16
2642,NC,BOGO,0.19
3783,NC,BOGO,0.19
2048,NC,BOGO,0.2
2130,NC,BOGO,0.18
2899,NC,BOGO,0.21
3488,NC,BOGO,0.22
3925,NC,BOGO,0.17
2365,NC,BOGO,0.2
3599,NC,BOGO,0.18
2209,NC,BOGO,0.2
2566,NC,BOGO,0.2
3764,NC,BOGO,0.19
2008,NC,BOGO,0.18
2015,NC,BOGO,0.2
2223,NC,BOGO,0.18
2912,NC,BOGO,0.2
2337,NC,BOGO,0.2
2647,NC,BOGO,0.17
3050,NC,BOGO,0.15
2965,NC,BOGO,0.18
3889,NC,BOGO,0.18
2825,NC,BOGO,0.23
2708,NC,BOGO,0.19
3963,NC,BOGO,0.17
2527,NC,BOGO,0.17
2123,NC,BOGO,0.2
3438,NC,BOGO,0.2
3925,NC,BOGO,0.19
2299,NC,BOGO,0.23
2278,NC,BOGO,0.2
3359,NC,BOGO,0.17
2278,NC,BOGO,0.18
3842,NC,BOGO,0.19
3724,NC,BOGO,0.2
2990,NC,BOGO,0.21
3234,NC,BOGO,0.2
3789,NC,BOGO,0.17
2902,NC,BOGO,0.23
3648,NC,BOGO,0.22
2179,NC,BOGO,0.18
3505,NC,BOGO,0.17
3421,NC,BOGO,0.18
3567,NC,BOGO,0.15
3346,NC,BOGO,0.17
2547,NC,BOGO,0.18
3417,NC,BOGO,0.18
3908,NC,BOGO,0.23
3294,NC,BOGO,0.22
3248,NC,BOGO,0.19
2867,NC,BOGO,0.23
3706,NC,BOGO,0.22
3617,NC,BOGO,0.18
3111,NC,BOGO,0.17
2543,NC,BOGO,0.2
3054,NC,BOGO,0.2
3629,NC,BOGO,0.19
2315,NC,BOGO,0.18
3665,NC,BOGO,0.18
2537,NC,BOGO,0.18
3454,NC,BOGO,0.17
3674,NC,BOGO,0.15
2803,NC,BOGO,0.17
3807,NC,BOGO,0.2
2854,NC,BOGO,0.15
3542,NC,BOGO,0.22
2583,NC,BOGO,0.23
3380,NC,BOGO,0.17
3651,NC,BOGO,0.23
2030,NC,BOGO,0.22
3202,NC,BOGO,0.2
2529,NC,BOGO,0.2
2351,NC,BOGO,0.18
2381,NC,BOGO,0.2
3466,NC,BOGO,0.16
2582,NC,BOGO,0.19
2016,NC,BOGO,0.22
2772,NC,BOGO,0.2
3296,NC,BOGO,0.18
2592,NC,BOGO,0.19
3596,NC,BOGO,0.23
2014,NC,BOGO,0.22
3189,NC,BOGO,0.16
2270,NC,BOGO,0.15
2581,NC,BOGO,0.2
2379,NC,BOGO,0.15
2189,NC,BOGO,0.2
2895,NC,BOGO,0.21
2264,NC,BOGO,0.22
2610,NC,BOGO,0.21
2737,NC,BOGO,0.2
2327,NC,BOGO,0.23
2891,NC,BOGO,0.15
3665,NC,BOGO,0.2
2529,NC,BOGO,0.23
2794,NC,BOGO,0.2
3781,NC,BOGO,0.18
2492,NC,BOGO,0.22
3441,NC,BOGO,0.19
2972,NC,BOGO,0.19
3007,NC,BOGO,0.19
2362,NC,BOGO,0.15
2362,NC,BOGO,0.22
2242,NC,BOGO,0.18
2264,NC,BOGO,0.18
2950,NC,BOGO,0.22
3072,NC,BOGO,0.19
2356,NC,BOGO,0.21
3810,NC,BOGO,0.21
2785,NC,BOGO,0.22
2457,NC,BOGO,0.18
2635,NC,BOGO,0.17
2438,NC,BOGO,0.2
3607,NC,BOGO,0.16
3421,NC,BOGO,0.17
3014,NC,BOGO,0.21
3960,NC,BOGO,0.19
2502,NC,BOGO,0.15
3302,NC,BOGO,0.17
3938,NC,BOGO,0.2
3434,NC,BOGO,0.19
2303,NC,BOGO,0.23
3144,NC,BOGO,0.2
2819,NC,BOGO,0.19
2098,NC,BOGO,0.2
3492,NC,BOGO,0.19
3394,NC,BOGO,0.2
2193,NC,BOGO,0.23
2035,NC,BOGO,0.18
3881,NC,BOGO,0.18
2958,NC,BOGO,0.17
2555,NC,BOGO,0.15
3665,NC,BOGO,0.18
3927,NC,BOGO,0.17
2274,NC,BOGO,0.17
2405,NC,BOGO,0.23
3064,NC,BOGO,0.21
2304,NC,BOGO,0.15
2339,NC,BOGO,0.16
3283,NC,BOGO,0.18
2974,NC,BOGO,0.2
3705,NC,BOGO,0.17
3287,NC,BOGO,0.18
2698,NC,BOGO,0.17
3438,NC,BOGO,0.18
2350,NC,BOGO,0.2
2439,NC,BOGO,0.2
2093,NC,BOGO,0.19
2559,NC,BOGO,0.19
2142,NC,BOGO,0.23
3941,NC,BOGO,0.18
2905,NC,BOGO,0.2
3248,NC,BOGO,0.23
2827,NC,BOGO,0.2
3587,NC,BOGO,0.2
3335,NC,BOGO,0.18
3053,NC,BOGO,0.19
2241,NC,BOGO,0.18
2780,NC,BOGO,0.22
2720,NC,BOGO,0.2
3544,NC,BOGO,0.2
3120,NC,BOGO,0.16
3020,NC,BOGO,0.23
2629,NC,BOGO,0.21
2501,NC,BOGO,0.2
2662,NC,BOGO,0.2
2573,NC,BOGO,0.22
3589,NC,BOGO,0.18
3815,NC,BOGO,0.2
2313,NC,BOGO,0.18
3161,NC,BOGO,0.2
3539,NC,BOGO,0.15
2660,NC,BOGO,0.17
3304,NC,BOGO,0.19
3001,NC,BOGO,0.23
3256,NC,BOGO,0.18
2424,NC,BOGO,0.19
2308,NC,BOGO,0.16
3842,NC,BOGO,0.18
3447,NC,BOGO,0.17
2959,NC,BOGO,0.2
3675,NC,BOGO,0.17
2397,NC,BOGO,0.18
2337,NC,BOGO,0.18
3773,NC,BOGO,0.17
2110,NC,BOGO,0.14
3260,NC,BOGO,0.16
2608,NC,BOGO,0.17
2486,NC,BOGO,0.16
3944,NC,BOGO,0.17
2265,NC,BOGO,0.16
2914,NC,BOGO,0.17
2167,NC,BOGO,0.16
3341,NC,BOGO,0.13
3565,NC,BOGO,0.17
2900,NC,BOGO,0.13
2303,NC,BOGO,0.13
3348,NC,BOGO,0.17
2375,NC,BOGO,0.17
3971,NC,BOGO,0.15
2678,NC,BOGO,0.14
2791,NC,BOGO,0.16
3873,NC,BOGO,0.15
3370,NC,BOGO,0.16
3993,NC,BOGO,0.18
2063,NC,BOGO,0.16
3472,NC,BOGO,0.12
3796,NC,BOGO,0.12
2821,NC,BOGO,0.17
3357,NC,BOGO,0.19
2987,NC,BOGO,0.15
3962,NC,BOGO,0.15
3744,NC,BOGO,0.2
3685,NC,BOGO,0.16
3460,NC,BOGO,0.15
3142,NC,BOGO,0.2
3026,NC,BOGO,0.2
2781,NC,BOGO,0.16
2834,NC,BOGO,0.18
2674,NC,BOGO,0.16
2495,NC,BOGO,0.19
2206,NC,BOGO,0.15
3416,NC,BOGO,0.16
3883,NC,BOGO,0.14
3917,NC,BOGO,0.13
3865,NC,BOGO,0.2
2769,NC,BOGO,0.16
3387,NC,BOGO,0.14
2092,NC,BOGO,0.2
2621,NC,BOGO,0.17
2534,NC,BOGO,0.14
3576,NC,BOGO,0.15
3601,NC,BOGO,0.18
2867,NC,BOGO,0.15
3855,NC,BOGO,0.13
3636,NC,BOGO,0.14
2562,NC,BOGO,0.19
2242,NC,BOGO,0.16
2577,NC,BOGO,0.17
3514,NC,BOGO,0.17
3705,NC,BOGO,0.17
3382,NC,BOGO,0.16
2123,NC,BOGO,0.14
3147,NC,BOGO,0.19
2691,NC,BOGO,0.17
2654,NC,BOGO,0.14
2901,NC,BOGO,0.12
2421,NC,BOGO,0.16
2508,NC,BOGO,0.13
2854,NC,BOGO,0.13
3976,NC,BOGO,0.16
3063,NC,BOGO,0.17
2558,NC,BOGO,0.17
3747,NC,BOGO,0.15
2773,NC,BOGO,0.16
2256,NC,BOGO,0.13
3600,NC,BOGO,0.12
2283,NC,BOGO,0.16
3490,NC,BOGO,0.17
3908,NC,BOGO,0.19
2094,NC,BOGO,0.16
2731,NC,BOGO,0.19
3790,NC,BOGO,0.12
3827,NC,BOGO,0.15
3370,NC,BOGO,0.16
3831,NC,BOGO,0.14
2695,NC,BOGO,0.2
3563,NC,BOGO,0.15
3353,NC,BOGO,0.16
3784,NC,BOGO,0.17
3421,NC,BOGO,0.15
3099,NC,BOGO,0.18
3032,NC,BOGO,0.17
3252,NC,BOGO,0.17
3031,NC,BOGO,0.14
3087,NC,BOGO,0.18
2112,NC,BOGO,0.15
2776,NC,BOGO,0.17
3710,NC,BOGO,0.13
3834,NC,BOGO,0.16
3411,NC,BOGO,0.18
2102,NC,BOGO,0.16
2228,NC,BOGO,0.16
2739,NC,BOGO,0.13
2165,NC,BOGO,0.15
3310,NC,BOGO,0.16
2760,NC,BOGO,0.15
2475,NC,BOGO,0.16
2118,NC,BOGO,0.16
2876,NC,BOGO,0.2
3369,NC,BOGO,0.17
3774,NC,BOGO,0.19
3368,NC,BOGO,0.17
2835,NC,BOGO,0.16
3069,NC,BOGO,0.14
2101,SC,20OFF,0.2
2508,SC,20OFF,0.19
2590,SC,20OFF,0.17
3858,SC,20OFF,0.17
2903,SC,20OFF,0.19
2442,SC,20OFF,0.21
3813,SC,20OFF,0.16
3759,SC,20OFF,0.22
3568,SC,20OFF,0.2
2182,SC,20OFF,0.16
2595,SC,20OFF,0.2
2569,SC,20OFF,0.22
3291,SC,20OFF,0.23
2122,SC,20OFF,0.21
2112,SC,20OFF,0.18
3009,SC,20OFF,0.22
2061,SC,20OFF,0.19
2576,SC,20OFF,0.19
3961,SC,20OFF,0.2
3915,SC,20OFF,0.18
3796,SC,20OFF,0.18
3787,SC,20OFF,0.17
2963,SC,20OFF,0.21
3505,SC,20OFF,0.21
2375,SC,20OFF,0.17
2636,SC,20OFF,0.19
3836,SC,20OFF,0.21
3204,SC,20OFF,0.22
2709,SC,20OFF,0.18
2965,SC,20OFF,0.18
2990,SC,20OFF,0.16
3514,SC,20OFF,0.21
3272,SC,20OFF,0.2
3808,SC,20OFF,0.22
3343,SC,20OFF,0.18
3741,SC,20OFF,0.19
3330,SC,20OFF,0.23
2784,SC,20OFF,0.16
2842,SC,20OFF,0.18
2549,SC,20OFF,0.18
2765,SC,20OFF,0.16
2150,SC,20OFF,0.19
2488,SC,20OFF,0.23
3170,SC,20OFF,0.19
3020,SC,20OFF,0.15
2119,SC,20OFF,0.17
3449,SC,20OFF,0.16
2960,SC,20OFF,0.16
3906,SC,20OFF,0.15
3772,SC,20OFF,0.17
2441,SC,20OFF,0.15
3159,SC,20OFF,0.22
3581,SC,20OFF,0.17
2354,SC,20OFF,0.18
2653,SC,20OFF,0.17
3806,SC,20OFF,0.17
3377,SC,20OFF,0.17
3450,SC,20OFF,0.16
2756,SC,20OFF,0.18
2767,SC,20OFF,0.18
2260,SC,20OFF,0.18
2170,SC,20OFF,0.2
3050,SC,20OFF,0.2
2797,SC,20OFF,0.21
3970,SC,20OFF,0.16
2339,SC,20OFF,0.2
2678,SC,20OFF,0.18
3571,SC,20OFF,0.23
2951,SC,20OFF,0.21
2434,SC,20OFF,0.23
3307,SC,20OFF,0.17
3865,SC,20OFF,0.18
2282,SC,20OFF,0.19
3590,SC,20OFF,0.2
3034,SC,20OFF,0.19
3147,SC,20OFF,0.18
3785,SC,20OFF,0.22
2563,SC,20OFF,0.18
2591,SC,20OFF,0.23
3446,SC,20OFF,0.21
2560,SC,20OFF,0.2
3490,SC,20OFF,0.22
2083,SC,20OFF,0.2
3553,SC,20OFF,0.22
3237,SC,20OFF,0.15
2471,SC,20OFF,0.15
2522,SC,20OFF,0.17
2542,SC,20OFF,0.21
2658,SC,20OFF,0.16
2048,SC,20OFF,0.22
2664,SC,20OFF,0.18
2869,SC,20OFF,0.17
2596,SC,20OFF,0.2
2638,SC,20OFF,0.2
3206,SC,20OFF,0.2
3837,SC,20OFF,0.23
3834,SC,20OFF,0.21
2497,SC,20OFF,0.15
3655,SC,20OFF,0.21
3845,SC,20OFF,0.18
3473,SC,20OFF,0.2
2006,SC,20OFF,0.18
3562,SC,20OFF,0.21
2628,SC,20OFF,0.21
3492,SC,20OFF,0.22
2872,SC,20OFF,0.2
3330,SC,20OFF,0.15
2884,SC,20OFF,0.2
3019,SC,20OFF,0.21
2524,SC,20OFF,0.21
2650,SC,20OFF,0.18
2937,SC,20OFF,0.21
2901,SC,20OFF,0.23
2139,SC,20OFF,0.22
3016,SC,20OFF,0.2
2272,SC,20OFF,0.18
3142,SC,20OFF,0.18
2285,SC,20OFF,0.15
3649,SC,20OFF,0.23
3260,SC,20OFF,0.2
3811,SC,20OFF,0.17
3147,SC,20OFF,0.23
3584,SC,20OFF,0.23
2190,SC,20OFF,0.2
2855,SC,20OFF,0.19
2400,SC,20OFF,0.22
3171,SC,20OFF,0.21
2852,SC,20OFF,0.2
3548,SC,20OFF,0.22
2463,SC,20OFF,0.19
2400,SC,20OFF,0.18
2183,SC,20OFF,0.2
3987,SC,20OFF,0.23
3011,SC,20OFF,0.15
2244,SC,20OFF,0.21
2995,SC,20OFF,0.17
3218,SC,20OFF,0.18
2620,SC,20OFF,0.2
3881,SC,20OFF,0.22
2909,SC,20OFF,0.19
3761,SC,20OFF,0.17
3944,SC,20OFF,0.22
2434,SC,20OFF,0.19
2212,SC,20OFF,0.23
3197,SC,20OFF,0.16
2209,SC,20OFF,0.2
3344,SC,20OFF,0.2
2913,SC,20OFF,0.23
3914,SC,20OFF,0.16
3078,SC,20OFF,0.18
3743,SC,20OFF,0.18
3938,SC,20OFF,0.2
3009,SC,20OFF,0.18
3774,SC,20OFF,0.17
2308,SC,20OFF,0.19
2461,SC,20OFF,0.2
3392,SC,20OFF,0.19
3968,SC,20OFF,0.16
2646,SC,20OFF,0.23
3527,SC,20OFF,0.15
2349,SC,20OFF,0.18
2339,SC,20OFF,0.21
2049,SC,20OFF,0.16
2179,SC,20OFF,0.15
3634,SC,20OFF,0.21
3230,SC,20OFF,0.21
3276,SC,20OFF,0.15
2814,SC,20OFF,0.19
3023,SC,20OFF,0.2
3526,SC,20OFF,0.16
2608,SC,20OFF,0.22
2302,SC,20OFF,0.15
2077,SC,20OFF,0.17
2559,SC,20OFF,0.18
3206,SC,20OFF,0.16
3210,SC,20OFF,0.2
2443,SC,20OFF,0.15
3340,SC,20OFF,0.16
3582,SC,20OFF,0.2
3897,SC,20OFF,0.21
3122,SC,20OFF,0.17
3811,SC,20OFF,0.17
2019,SC,20OFF,0.23
2863,SC,20OFF,0.17
2224,SC,20OFF,0.15
2563,SC,20OFF,0.19
2722,SC,20OFF,0.18
3283,SC,20OFF,0.2
3358,SC,20OFF,0.2
3276,SC,20OFF,0.2
3215,SC,20OFF,0.21
2662,SC,20OFF,0.18
2148,SC,20OFF,0.19
2289,SC,20OFF,0.21
3818,SC,20OFF,0.19
2843,SC,20OFF,0.15
2222,SC,20OFF,0.18
3439,SC,20OFF,0.18
3052,SC,20OFF,0.17
3898,SC,20OFF,0.2
2353,SC,20OFF,0.16
3761,SC,20OFF,0.23
3066,SC,20OFF,0.2
3134,SC,20OFF,0.16
2655,SC,20OFF,0.21
3811,SC,20OFF,0.17
2272,SC,20OFF,0.18
3760,SC,20OFF,0.18
2136,SC,20OFF,0.18
3938,SC,20OFF,0.18
3544,SC,20OFF,0.16
2025,SC,20OFF,0.19
3784,SC,20OFF,0.19
3485,SC,20OFF,0.23
2848,SC,20OFF,0.2
2202,SC,20OFF,0.18
2348,SC,20OFF,0.15
2176,SC,20OFF,0.2
3574,SC,20OFF,0.18
3862,SC,20OFF,0.18
2653,SC,20OFF,0.21
3943,SC,20OFF,0.18
2175,SC,20OFF,0.15
2869,SC,20OFF,0.2
2244,SC,20OFF,0.23
2030,SC,20OFF,0.22
3227,SC,20OFF,0.19
2388,SC,20OFF,0.19
3347,SC,20OFF,0.15
2274,SC,20OFF,0.2
2541,SC,20OFF,0.18
3420,SC,20OFF,0.19
3252,SC,20OFF,0.17
3713,SC,20OFF,0.17
2362,SC,20OFF,0.21
2003,SC,20OFF,0.17
2147,SC,20OFF,0.15
2107,SC,20OFF,0.2
3993,SC,20OFF,0.16
3247,SC,20OFF,0.23
3652,SC,20OFF,0.18
2859,SC,20OFF,0.16
2838,SC,20OFF,0.22
3878,SC,20OFF,0.22
2508,SC,20OFF,0.21
3732,SC,20OFF,0.18
2871,SC,20OFF,0.22
2872,SC,20OFF,0.21
3084,SC,20OFF,0.16
3344,SC,20OFF,0.2
2693,SC,20OFF,0.15
3264,SC,20OFF,0.2
2939,SC,20OFF,0.23
3928,SC,20OFF,0.2
2623,SC,20OFF,0.22
3992,SC,20OFF,0.2
2590,SC,20OFF,0.15
2450,SC,20OFF,0.22
2658,SC,20OFF,0.19
3894,SC,20OFF,0.16
2648,SC,20OFF,0.23
3781,SC,20OFF,0.21
3925,SC,20OFF,0.2
2800,SC,20OFF,0.19
3274,SC,20OFF,0.17
2957,SC,20OFF,0.2
3416,SC,20OFF,0.16
3837,SC,20OFF,0.2
2947,SC,20OFF,0.17
2725,SC,20OFF,0.17
3522,SC,20OFF,0.19
2776,SC,20OFF,0.15
2278,SC,20OFF,0.22
2145,SC,20OFF,0.16
2842,SC,20OFF,0.15
3008,SC,20OFF,0.2
2861,SC,20OFF,0.18
3642,SC,20OFF,0.2
3891,SC,20OFF,0.22
2538,SC,20OFF,0.2
3380,SC,20OFF,0.22
2572,SC,20OFF,0.19
2674,SC,20OFF,0.21
2125,SC,20OFF,0.2
3735,SC,20OFF,0.18
3289,SC,20OFF,0.2
2303,SC,20OFF,0.19
3310,SC,20OFF,0.19
2916,SC,20OFF,0.17
2151,SC,20OFF,0.15
2824,SC,20OFF,0.22
2520,SC,20OFF,0.22
3337,SC,20OFF,0.19
2105,SC,20OFF,0.16
2578,SC,20OFF,0.19
2701,SC,20OFF,0.23
2273,SC,20OFF,0.18
3976,SC,20OFF,0.22
2076,SC,20OFF,0.21
2734,SC,20OFF,0.17
3483,SC,20OFF,0.2
2650,SC,20OFF,0.21
3791,SC,20OFF,0.21
2193,SC,20OFF,0.15
3394,SC,20OFF,0.16
3760,SC,20OFF,0.15
2956,SC,20OFF,0.19
2813,SC,20OFF,0.16
3124,SC,20OFF,0.16
2260,SC,20OFF,0.17
2467,SC,20OFF,0.16
2296,SC,20OFF,0.18
2489,SC,20OFF,0.19
3558,SC,20OFF,0.16
2625,SC,20OFF,0.13
2101,SC,20OFF,0.15
3727,SC,20OFF,0.2
2190,SC,20OFF,0.17
2188,SC,20OFF,0.13
2125,SC,20OFF,0.16
2298,SC,20OFF,0.18
2757,SC,20OFF,0.2
2245,SC,20OFF,0.17
3023,SC,20OFF,0.18
2242,SC,20OFF,0.15
2211,SC,20OFF,0.12
3413,SC,20OFF,0.17
2027,SC,20OFF,0.16
2047,SC,20OFF,0.17
3245,SC,20OFF,0.18
2543,SC,20OFF,0.16
2265,SC,20OFF,0.15
2022,SC,20OFF,0.15
2409,SC,20OFF,0.18
3020,SC,20OFF,0.14
2904,SC,20OFF,0.19
2114,SC,20OFF,0.17
2979,SC,20OFF,0.12
2182,SC,20OFF,0.18
3685,SC,20OFF,0.13
3126,SC,20OFF,0.15
3425,SC,20OFF,0.17
3727,SC,20OFF,0.16
3627,SC,20OFF,0.17
3900,SC,20OFF,0.2
2316,SC,20OFF,0.18
2179,SC,20OFF,0.16
3225,SC,20OFF,0.17
2590,SC,20OFF,0.16
2355,SC,20OFF,0.19
2412,SC,20OFF,0.14
2175,SC,20OFF,0.15
3835,SC,20OFF,0.17
3391,SC,20OFF,0.17
3487,SC,20OFF,0.2
3365,SC,20OFF,0.2
2984,SC,20OFF,0.16
2069,SC,20OFF,0.13
3077,SC,20OFF,0.17
3551,SC,20OFF,0.18
3404,SC,20OFF,0.13
2375,SC,20OFF,0.12
2105,SC,20OFF,0.18
3657,SC,20OFF,0.16
3598,SC,20OFF,0.14
2230,SC,20OFF,0.17
3281,SC,20OFF,0.16
2116,SC,20OFF,0.16
3038,SC,20OFF,0.2
2461,SC,20OFF,0.2
2312,SC,20OFF,0.16
3459,SC,20OFF,0.16
2245,SC,20OFF,0.13
3312,SC,20OFF,0.16
3309,SC,20OFF,0.12
3973,SC,20OFF,0.17
2146,SC,20OFF,0.19
2661,SC,20OFF,0.13
2820,SC,20OFF,0.16
2561,SC,20OFF,0.2
2145,SC,20OFF,0.16
3441,SC,20OFF,0.16
2914,SC,20OFF,0.17
2501,SC,20OFF,0.16
3414,SC,20OFF,0.16
3093,SC,20OFF,0.15
2889,SC,20OFF,0.15
3002,SC,20OFF,0.15
3109,SC,20OFF,0.16
2475,SC,20OFF,0.17
3094,SC,20OFF,0.17
2176,SC,20OFF,0.2
2333,SC,20OFF,0.18
3276,SC,20OFF,0.14
3019,SC,20OFF,0.2
2142,SC,20OFF,0.16
2690,SC,20OFF,0.19
2975,SC,20OFF,0.15
3180,SC,20OFF,0.14
3865,SC,20OFF,0.13
3996,SC,20OFF,0.15
2887,SC,20OFF,0.15
2085,SC,20OFF,0.14
2829,SC,20OFF,0.2
2415,SC,20OFF,0.17
3026,SC,20OFF,0.19
3733,SC,20OFF,0.17
2063,SC,20OFF,0.2
2866,SC,20OFF,0.18
3237,SC,20OFF,0.17
3864,SC,20OFF,0.18
2140,SC,20OFF,0.17
2722,SC,20OFF,0.15
3703,SC,20OFF,0.19
3704,SC,20OFF,0.12
3773,SC,20OFF,0.17
3844,SC,20OFF,0.15
2870,SC,20OFF,0.14
3483,SC,20OFF,0.18
3300,SC,20OFF,0.18
2414,SC,20OFF,0.13
2948,SC,20OFF,0.16
2144,SC,20OFF,0.19
3948,SC,20OFF,0.12
2633,SC,20OFF,0.16
3001,SC,20OFF,0.17
3032,SC,20OFF,0.15
3003,SC,20OFF,0.16
2117,SC,20OFF,0.17
3449,SC,20OFF,0.13
3693,SC,20OFF,0.17
3069,SC,20OFF,0.18
3086,SC,20OFF,0.15
3867,SC,20OFF,0.16
2235,SC,20OFF,0.12
3704,SC,20OFF,0.17
3362,SC,20OFF,0.16
2877,SC,20OFF,0.16
3010,SC,20OFF,0.16
2622,SC,20OFF,0.16
2738,SC,20OFF,0.17
3773,SC,20OFF,0.15
3168,SC,20OFF,0.19
3546,SC,20OFF,0.13
3126,SC,20OFF,0.17
2642,SC,20OFF,0.17
3783,SC,20OFF,0.19
2048,SC,20OFF,0.13
2130,SC,20OFF,0.18
2899,SC,20OFF,0.13
3488,SC,20OFF,0.18
3925,SC,20OFF,0.17
2365,SC,20OFF,0.17
3599,SC,20OFF,0.14
2209,SC,20OFF,0.14
2566,SC,20OFF,0.16
3764,SC,20OFF,0.14
2008,SC,20OFF,0.12
2015,SC,20OFF,0.15
2223,SC,20OFF,0.16
2912,SC,20OFF,0.18
2337,SC,20OFF,0.19
2647,SC,20OFF,0.17
3050,SC,20OFF,0.19
2965,SC,20OFF,0.18
3889,SC,20OFF,0.19
2825,SC,20OFF,0.16
2708,SC,20OFF,0.12
3963,SC,20OFF,0.17
2527,SC,20OFF,0.17
2123,SC,20OFF,0.13
3438,SC,20OFF,0.17
3925,SC,20OFF,0.13
2299,SC,20OFF,0.16
2278,SC,20OFF,0.15
3359,SC,20OFF,0.15
2278,SC,20OFF,0.19
3842,SC,20OFF,0.15
3724,SC,20OFF,0.18
2990,SC,20OFF,0.15
3234,SC,20OFF,0.16
3789,SC,20OFF,0.14
2902,SC,20OFF,0.2
3648,SC,20OFF,0.17
2179,SC,20OFF,0.15
3505,SC,20OFF,0.17
3421,SC,20OFF,0.17
3567,SC,20OFF,0.16
3346,SC,20OFF,0.2
2547,SC,20OFF,0.18
3417,SC,20OFF,0.18
3908,SC,20OFF,0.13
3294,SC,20OFF,0.19
3248,SC,20OFF,0.16
2867,SC,20OFF,0.12
3706,SC,20OFF,0.19
3617,SC,20OFF,0.17
3111,SC,20OFF,0.19
2543,SC,20OFF,0.14
3054,SC,20OFF,0.14
3629,SC,20OFF,0.15
2315,SC,20OFF,0.15
3665,SC,20OFF,0.14
2537,SC,20OFF,0.16
3454,SC,20OFF,0.18
3674,SC,20OFF,0.15
2803,SC,20OFF,0.16
3807,SC,20OFF,0.14
2854,SC,20OFF,0.14
3542,SC,20OFF,0.16
2583,SC,20OFF,0.17
3380,SC,20OFF,0.14
3651,SC,20OFF,0.18
2030,SC,20OFF,0.12
3202,SC,20OFF,0.12
2529,SC,20OFF,0.14
2351,SC,20OFF,0.16
2381,SC,20OFF,0.16
3466,SC,20OFF,0.2
2582,SC,20OFF,0.13
2016,SC,20OFF,0.2
2772,SC,20OFF,0.2
3296,SC,20OFF,0.17
2592,SC,20OFF,0.16
3596,SC,20OFF,0.16
2014,SC,20OFF,0.17
3189,SC,20OFF,0.12
2270,SC,20OFF,0.14
2581,SC,20OFF,0.19
2379,SC,20OFF,0.15
2189,SC,20OFF,0.12
2895,SC,20OFF,0.14
2264,SC,20OFF,0.2
2610,SC,20OFF,0.15
2737,SC,20OFF,0.16
2327,SC,20OFF,0.15
2891,SC,20OFF,0.18
3665,SC,20OFF,0.13
2529,SC,20OFF,0.14
2794,SC,20OFF,0.2
3781,SC,20OFF,0.14
2492,SC,20OFF,0.16
3441,SC,20OFF,0.16
2972,SC,20OFF,0.17
3007,SC,20OFF,0.17
2362,SC,20OFF,0.14
2362,SC,20OFF,0.17
2242,SC,20OFF,0.16
2264,SC,20OFF,0.16
2950,SC,20OFF,0.2
3072,SC,20OFF,0.12
2356,SC,20OFF,0.17
3810,SC,20OFF,0.15
2785,SC,20OFF,0.15
2457,SC,20OFF,0.16
2635,SC,20OFF,0.17
2438,SC,20OFF,0.2
3607,SC,20OFF,0.16
3421,SC,20OFF,0.18
3014,SC,20OFF,0.2
3960,SC,20OFF,0.13
2502,SC,20OFF,0.18
3302,SC,20OFF,0.17
3938,SC,20OFF,0.19
3434,SC,20OFF,0.15
2303,SC,20OFF,0.13
3144,SC,20OFF,0.15
2819,SC,20OFF,0.13
2098,SC,20OFF,0.19
3492,SC,20OFF,0.15
3394,SC,20OFF,0.16
2193,SC,20OFF,0.14
2035,SC,20OFF,0.15
3881,SC,20OFF,0.17
2958,SC,20OFF,0.17
2555,SC,20OFF,0.16
3665,SC,20OFF,0.14
3927,SC,20OFF,0.12
2274,SC,20OFF,0.17
2405,SC,20OFF,0.17
3064,SC,20OFF,0.17
2304,SC,20OFF,0.12
2339,SC,20OFF,0.2
3283,SC,20OFF,0.15
2974,SC,20OFF,0.17
3705,SC,20OFF,0.16
3287,SC,20OFF,0.2
2698,SC,20OFF,0.15
3438,SC,20OFF,0.18
2350,SC,20OFF,0.12
2439,SC,20OFF,0.17
2093,SC,20OFF,0.15
2559,SC,20OFF,0.19
2142,SC,20OFF,0.19
3941,SC,20OFF,0.18
2905,SC,20OFF,0.16
3248,SC,20OFF,0.16
2827,SC,20OFF,0.12
3587,SC,20OFF,0.15
3335,SC,20OFF,0.18
3053,SC,20OFF,0.16
2241,SC,20OFF,0.12
2780,SC,20OFF,0.14
2720,SC,20OFF,0.17
3544,SC,20OFF,0.15
3120,SC,20OFF,0.13
3020,SC,20OFF,0.13
2629,SC,20OFF,0.12
2501,SC,20OFF,0.16
2662,SC,20OFF,0.17
2573,SC,20OFF,0.16
3589,SC,20OFF,0.16
3815,SC,20OFF,0.16
2313,SC,20OFF,0.18
3161,SC,20OFF,0.17
3539,SC,20OFF,0.13
2660,SC,20OFF,0.16
3304,SC,20OFF,0.15
3001,SC,20OFF,0.18
3256,SC,20OFF,0.2
2424,SC,20OFF,0.12
2308,SC,20OFF,0.16
3842,SC,20OFF,0.13
3447,SC,20OFF,0.13
2959,SC,20OFF,0.13
3675,SC,20OFF,0.12
2397,SC,20OFF,0.13
2337,SC,20OFF,0.14
3773,SC,20OFF,0.13
2110,SC,20OFF,0.15
3260,SC,20OFF,0.17
2608,SC,20OFF,0.14
2486,SC,20OFF,0.16
3944,SC,20OFF,0.17
2265,SC,20OFF,0.09
2914,SC,20OFF,0.16
2167,SC,20OFF,0.14
3341,SC,20OFF,0.1
3565,SC,20OFF,0.1
2900,SC,20OFF,0.17
2303,SC,20OFF,0.17
3348,SC,20OFF,0.12
2375,SC,20OFF,0.09
3971,SC,20OFF,0.17
2678,SC,20OFF,0.11
2791,SC,20OFF,0.12
3873,SC,20OFF,0.14
3370,SC,20OFF,0.09
3993,SC,20OFF,0.13
2063,SC,20OFF,0.12
3472,SC,20OFF,0.13
3796,SC,20OFF,0.16
2821,SC,20OFF,0.13
3357,SC,20OFF,0.12
2987,SC,20OFF,0.12
3962,SC,20OFF,0.14
3744,SC,20OFF,0.13
3685,SC,20OFF,0.13
3460,SC,20OFF,0.15
3142,SC,20OFF,0.13
3026,SC,20OFF,0.13
2781,SC,20OFF,0.13
2834,SC,20OFF,0.17
2674,SC,20OFF,0.09
2495,SC,20OFF,0.13
2206,SC,20OFF,0.1
3416,SC,20OFF,0.11
3883,SC,20OFF,0.13
3917,SC,20OFF,0.14
3865,SC,20OFF,0.12
2769,SC,20OFF,0.13
3387,SC,20OFF,0.09
2092,SC,20OFF,0.14
2621,SC,20OFF,0.1
2534,SC,20OFF,0.16
3576,SC,20OFF,0.1
3601,SC,20OFF,0.1
2867,SC,20OFF,0.17
3855,SC,20OFF,0.14
3636,SC,20OFF,0.09
2562,SC,20OFF,0.13
2242,SC,20OFF,0.16
2577,SC,20OFF,0.16
3514,SC,20OFF,0.1
3705,SC,20OFF,0.17
3382,SC,20OFF,0.13
2123,SC,20OFF,0.11
3147,SC,20OFF,0.13
2691,SC,20OFF,0.14
2654,SC,20OFF,0.11
2901,SC,20OFF,0.12
2421,SC,20OFF,0.16
2508,SC,20OFF,0.16
2854,SC,20OFF,0.14
3976,SC,20OFF,0.14
3063,SC,20OFF,0.1
2558,SC,20OFF,0.13
3747,SC,20OFF,0.17
2773,SC,20OFF,0.12
2256,SC,20OFF,0.1
3600,SC,20OFF,0.16
2283,SC,20OFF,0.14
3490,SC,20OFF,0.1
3908,SC,20OFF,0.1
2094,SC,20OFF,0.12
2731,SC,20OFF,0.16
3790,SC,20OFF,0.12
3827,SC,20OFF,0.14
3370,SC,20OFF,0.12
3831,SC,20OFF,0.14
2695,SC,20OFF,0.1
3563,SC,20OFF,0.09
3353,SC,20OFF,0.13
3784,SC,20OFF,0.12
3421,SC,20OFF,0.13
3099,SC,20OFF,0.1
3032,SC,20OFF,0.14
3252,SC,20OFF,0.16
3031,SC,20OFF,0.17
3087,SC,20OFF,0.13
2112,SC,20OFF,0.14
2776,SC,20OFF,0.14
3710,SC,20OFF,0.15
3834,SC,20OFF,0.14
3411,SC,20OFF,0.13
2102,SC,20OFF,0.1
2228,SC,20OFF,0.14
2739,SC,20OFF,0.13
2165,SC,20OFF,0.17
3310,SC,20OFF,0.13
2760,SC,20OFF,0.17
2475,SC,20OFF,0.12
2118,SC,20OFF,0.15
2876,SC,20OFF,0.12
3369,SC,20OFF,0.15
3774,SC,20OFF,0.14
3368,SC,20OFF,0.14
2835,SC,20OFF,0.12
3069,SC,20OFF,0.17
2101,NC,20OFF,0.15
2508,NC,20OFF,0.15
2590,NC,20OFF,0.18
3858,NC,20OFF,0.18
2903,NC,20OFF,0.12
2442,NC,20OFF,0.16
3813,NC,20OFF,0.15
3759,NC,20OFF,0.18
3568,NC,20OFF,0.16
2182,NC,20OFF,0.13
2595,NC,20OFF,0.2
2569,NC,20OFF,0.16
3291,NC,20OFF,0.19
2122,NC,20OFF,0.18
2112,NC,20OFF,0.19
3009,NC,20OFF,0.18
2061,NC,20OFF,0.17
2576,NC,20OFF,0.19
3961,NC,20OFF,0.16
3915,NC,20OFF,0.17
3796,NC,20OFF,0.16
3787,NC,20OFF,0.14
2963,NC,20OFF,0.19
3505,NC,20OFF,0.17
2375,NC,20OFF,0.13
2636,NC,20OFF,0.16
3836,NC,20OFF,0.13
3204,NC,20OFF,0.15
2709,NC,20OFF,0.17
2965,NC,20OFF,0.2
2990,NC,20OFF,0.17
3514,NC,20OFF,0.16
3272,NC,20OFF,0.14
3808,NC,20OFF,0.13
3343,NC,20OFF,0.2
3741,NC,20OFF,0.13
3330,NC,20OFF,0.13
2784,NC,20OFF,0.16
2842,NC,20OFF,0.13
2549,NC,20OFF,0.2
2765,NC,20OFF,0.14
2150,NC,20OFF,0.13
2488,NC,20OFF,0.13
3170,NC,20OFF,0.16
3020,NC,20OFF,0.12
2119,NC,20OFF,0.15
3449,NC,20OFF,0.17
2960,NC,20OFF,0.13
3906,NC,20OFF,0.13
3772,NC,20OFF,0.15
2441,NC,20OFF,0.16
3159,NC,20OFF,0.17
3581,NC,20OFF,0.18
2354,NC,20OFF,0.16
2653,NC,20OFF,0.15
3806,NC,20OFF,0.2
3377,NC,20OFF,0.15
3450,NC,20OFF,0.15
2756,NC,20OFF,0.19
2767,NC,20OFF,0.19
2260,NC,20OFF,0.15
2170,NC,20OFF,0.18
3050,NC,20OFF,0.16
2797,NC,20OFF,0.15
3970,NC,20OFF,0.12
2339,NC,20OFF,0.16
2678,NC,20OFF,0.15
3571,NC,20OFF,0.18
2951,NC,20OFF,0.16
2434,NC,20OFF,0.12
3307,NC,20OFF,0.2
3865,NC,20OFF,0.17
2282,NC,20OFF,0.2
3590,NC,20OFF,0.17
3034,NC,20OFF,0.16
3147,NC,20OFF,0.17
3785,NC,20OFF,0.16
2563,NC,20OFF,0.15
2591,NC,20OFF,0.14
3446,NC,20OFF,0.16
2560,NC,20OFF,0.14
3490,NC,20OFF,0.18
2083,NC,20OFF,0.19
3553,NC,20OFF,0.16
3237,NC,20OFF,0.16
2471,NC,20OFF,0.13
2522,NC,20OFF,0.16
2542,NC,20OFF,0.2
2658,NC,20OFF,0.13
2048,NC,20OFF,0.2
2664,NC,20OFF,0.17
2869,NC,20OFF,0.17
2596,NC,20OFF,0.16
2638,NC,20OFF,0.18
3206,NC,20OFF,0.17
3837,NC,20OFF,0.16
3834,NC,20OFF,0.18
2497,NC,20OFF,0.15
3655,NC,20OFF,0.15
3845,NC,20OFF,0.18
3473,NC,20OFF,0.16
2006,NC,20OFF,0.12
3562,NC,20OFF,0.17
2628,NC,20OFF,0.15
3492,NC,20OFF,0.12
2872,NC,20OFF,0.14
3330,NC,20OFF,0.13
2884,NC,20OFF,0.17
3019,NC,20OFF,0.16
2524,NC,20OFF,0.13
2650,NC,20OFF,0.16
2937,NC,20OFF,0.13
2901,NC,20OFF,0.13
2139,NC,20OFF,0.18
3016,NC,20OFF,0.17
2272,NC,20OFF,0.17
3142,NC,20OFF,0.13
2285,NC,20OFF,0.18
3649,NC,20OFF,0.15
3260,NC,20OFF,0.18
3811,NC,20OFF,0.18
3147,NC,20OFF,0.12
3584,NC,20OFF,0.15
2190,NC,20OFF,0.15
2855,NC,20OFF,0.16
2400,NC,20OFF,0.17
3171,NC,20OFF,0.15
2852,NC,20OFF,0.14
3548,NC,20OFF,0.16
2463,NC,20OFF,0.14
2400,NC,20OFF,0.16
2183,NC,20OFF,0.16
3987,NC,20OFF,0.12
3011,NC,20OFF,0.17
2244,NC,20OFF,0.18
2995,NC,20OFF,0.17
3218,NC,20OFF,0.2
2620,NC,20OFF,0.12
3881,NC,20OFF,0.15
2909,NC,20OFF,0.18
3761,NC,20OFF,0.12
3944,NC,20OFF,0.17
2434,NC,20OFF,0.14
2212,NC,20OFF,0.15
3197,NC,20OFF,0.2
2209,NC,20OFF,0.17
3344,NC,20OFF,0.16
2913,NC,20OFF,0.13
3914,NC,20OFF,0.16
3078,NC,20OFF,0.19
3743,NC,20OFF,0.15
3938,NC,20OFF,0.15
3009,NC,20OFF,0.18
3774,NC,20OFF,0.16
2308,NC,20OFF,0.13
2461,NC,20OFF,0.12
3392,NC,20OFF,0.13
3968,NC,20OFF,0.16
2646,NC,20OFF,0.15
3527,NC,20OFF,0.15
2349,NC,20OFF,0.16
2339,NC,20OFF,0.18
2049,NC,20OFF,0.15
2179,NC,20OFF,0.16
3634,NC,20OFF,0.17
3230,NC,20OFF,0.2
3276,NC,20OFF,0.13
2814,NC,20OFF,0.17
3023,NC,20OFF,0.17
3526,NC,20OFF,0.13
2608,NC,20OFF,0.17
2302,NC,20OFF,0.15
2077,NC,20OFF,0.16
2559,NC,20OFF,0.18
3206,NC,20OFF,0.16
3210,NC,20OFF,0.19
2443,NC,20OFF,0.17
3340,NC,20OFF,0.2
3582,NC,20OFF,0.15
3897,NC,20OFF,0.17
3122,NC,20OFF,0.13
3811,NC,20OFF,0.17
2019,NC,20OFF,0.12
2863,NC,20OFF,0.2
2224,NC,20OFF,0.16
2563,NC,20OFF,0.15
2722,NC,20OFF,0.17
3283,NC,20OFF,0.17
3358,NC,20OFF,0.12
3276,NC,20OFF,0.17
3215,NC,20OFF,0.16
2662,NC,20OFF,0.12
2148,NC,20OFF,0.16
2289,NC,20OFF,0.13
3818,NC,20OFF,0.14
2843,NC,20OFF,0.19
2222,NC,20OFF,0.2
3439,NC,20OFF,0.13
3052,NC,20OFF,0.13
3898,NC,20OFF,0.17
2353,NC,20OFF,0.14
3761,NC,20OFF,0.16
3066,NC,20OFF,0.19
3134,NC,20OFF,0.17
2655,NC,20OFF,0.15
3811,NC,20OFF,0.12
2272,NC,20OFF,0.18
3760,NC,20OFF,0.17
2136,NC,20OFF,0.2
3938,NC,20OFF,0.13
3544,NC,20OFF,0.19
2025,NC,20OFF,0.15
3784,NC,20OFF,0.16
3485,NC,20OFF,0.17
2848,NC,20OFF,0.17
2202,NC,20OFF,0.15
2348,NC,20OFF,0.15
2176,NC,20OFF,0.16
3574,NC,20OFF,0.2
3862,NC,20OFF,0.14
2653,NC,20OFF,0.16
3943,NC,20OFF,0.2
2175,NC,20OFF,0.17
2869,NC,20OFF,0.19
2244,NC,20OFF,0.17
2030,NC,20OFF,0.17
3227,NC,20OFF,0.17
2388,NC,20OFF,0.15
3347,NC,20OFF,0.18
2274,NC,20OFF,0.17
2541,NC,20OFF,0.16
3420,NC,20OFF,0.18
3252,NC,20OFF,0.14
3713,NC,20OFF,0.15
2362,NC,20OFF,0.18
2003,NC,20OFF,0.15
2147,NC,20OFF,0.15
2107,NC,20OFF,0.15
3993,NC,20OFF,0.15
3247,NC,20OFF,0.15
3652,NC,20OFF,0.15
2859,NC,20OFF,0.19
2838,NC,20OFF,0.15
3878,NC,20OFF,0.17
2508,NC,20OFF,0.14
3732,NC,20OFF,0.16
2871,NC,20OFF,0.17
2872,NC,20OFF,0.13
3084,NC,20OFF,0.17
3344,NC,20OFF,0.17
2693,NC,20OFF,0.18
3264,NC,20OFF,0.17
2939,NC,20OFF,0.2
3928,NC,20OFF,0.16
2623,NC,20OFF,0.15
3992,NC,20OFF,0.14
2590,NC,20OFF,0.15
2450,NC,20OFF,0.2
2658,NC,20OFF,0.14
3894,NC,20OFF,0.15
2648,NC,20OFF,0.15
3781,NC,20OFF,0.17
3925,NC,20OFF,0.16
2800,NC,20OFF,0.16
3274,NC,20OFF,0.15
2957,NC,20OFF,0.2
3416,NC,20OFF,0.12
3837,NC,20OFF,0.14
2947,NC,20OFF,0.15
2725,NC,20OFF,0.17
3522,NC,20OFF,0.13
2776,NC,20OFF,0.17
2278,NC,20OFF,0.15
2145,NC,20OFF,0.14
2842,NC,20OFF,0.16
3008,NC,20OFF,0.16
2861,NC,20OFF,0.16
3642,NC,20OFF,0.16
3891,NC,20OFF,0.13
2538,NC,20OFF,0.15
3380,NC,20OFF,0.15
2572,NC,20OFF,0.17
2674,NC,20OFF,0.12
2125,NC,20OFF,0.2
3735,NC,20OFF,0.13
3289,NC,20OFF,0.16
2303,NC,20OFF,0.13
3310,NC,20OFF,0.18
2916,NC,20OFF,0.17
2151,NC,20OFF,0.14
2824,NC,20OFF,0.15
2520,NC,20OFF,0.13
3337,NC,20OFF,0.16
2105,NC,20OFF,0.14
2578,NC,20OFF,0.16
2701,NC,20OFF,0.16
2273,NC,20OFF,0.16
3976,NC,20OFF,0.17
2076,NC,20OFF,0.17
2734,NC,20OFF,0.12
3483,NC,20OFF,0.2
2650,NC,20OFF,0.18
3791,NC,20OFF,0.13
2193,NC,20OFF,0.16
3394,NC,20OFF,0.16
3760,NC,20OFF,0.12
2956,NC,20OFF,0.16
2813,NC,20OFF,0.11
3124,NC,20OFF,0.09
2260,NC,20OFF,0.13
2467,NC,20OFF,0.17
2296,NC,20OFF,0.09
2489,NC,20OFF,0.14
3558,NC,20OFF,0.16
2625,NC,20OFF,0.13
2101,NC,20OFF,0.11
3727,NC,20OFF,0.13
2190,NC,20OFF,0.12
2188,NC,20OFF,0.11
2125,NC,20OFF,0.12
2298,NC,20OFF,0.16
2757,NC,20OFF,0.11
2245,NC,20OFF,0.1
3023,NC,20OFF,0.16
2242,NC,20OFF,0.14
2211,NC,20OFF,0.12
3413,NC,20OFF,0.09
2027,NC,20OFF,0.14
2047,NC,20OFF,0.1
3245,NC,20OFF,0.12
2543,NC,20OFF,0.15
2265,NC,20OFF,0.16
2022,NC,20OFF,0.11
2409,NC,20OFF,0.14
3020,NC,20OFF,0.12
2904,NC,20OFF,0.13
2114,NC,20OFF,0.1
2979,NC,20OFF,0.11
2182,NC,20OFF,0.15
3685,NC,20OFF,0.14
3126,NC,20OFF,0.14
3425,NC,20OFF,0.17
3727,NC,20OFF,0.12
3627,NC,20OFF,0.14
3900,NC,20OFF,0.1
2316,NC,20OFF,0.14
2179,NC,20OFF,0.14
3225,NC,20OFF,0.13
2590,NC,20OFF,0.13
2355,NC,20OFF,0.1
2412,NC,20OFF,0.17
2175,NC,20OFF,0.11
3835,NC,20OFF,0.14
3391,NC,20OFF,0.13
3487,NC,20OFF,0.16
3365,NC,20OFF,0.12
2984,NC,20OFF,0.12
2069,NC,20OFF,0.12
3077,NC,20OFF,0.1
3551,NC,20OFF,0.12
3404,NC,20OFF,0.12
2375,NC,20OFF,0.09
2105,NC,20OFF,0.14
3657,NC,20OFF,0.13
3598,NC,20OFF,0.09
2230,NC,20OFF,0.16
3281,NC,20OFF,0.17
2116,NC,20OFF,0.15
3038,NC,20OFF,0.14
2461,NC,20OFF,0.16
2312,NC,20OFF,0.16
3459,NC,20OFF,0.12
2245,NC,20OFF,0.11
3312,NC,20OFF,0.13
3309,NC,20OFF,0.09
3973,NC,20OFF,0.15
2146,NC,20OFF,0.14
2661,NC,20OFF,0.13
2820,NC,20OFF,0.09
2561,NC,20OFF,0.17
2145,NC,20OFF,0.12
3441,NC,20OFF,0.13
2914,NC,20OFF,0.15
2501,NC,20OFF,0.11
3414,NC,20OFF,0.1
3093,NC,20OFF,0.11
2889,NC,20OFF,0.09
3002,NC,20OFF,0.17
3109,NC,20OFF,0.14
2475,NC,20OFF,0.15
3094,NC,20OFF,0.15
2176,NC,20OFF,0.09
2333,NC,20OFF,0.12
3276,NC,20OFF,0.14
3019,NC,20OFF,0.12
2142,NC,20OFF,0.1
2690,NC,20OFF,0.15
2975,NC,20OFF,0.16
3180,NC,20OFF,0.1
3865,NC,20OFF,0.16
3996,NC,20OFF,0.13
2887,NC,20OFF,0.14
2085,NC,20OFF,0.12
2829,NC,20OFF,0.13
2415,NC,20OFF,0.17
3026,NC,20OFF,0.09
3733,NC,20OFF,0.12
2063,NC,20OFF,0.16
2866,NC,20OFF,0.15
3237,NC,20OFF,0.13
3864,NC,20OFF,0.13
2140,NC,20OFF,0.09
2722,NC,20OFF,0.12
3703,NC,20OFF,0.13
3704,NC,20OFF,0.1
3773,NC,20OFF,0.14
3844,NC,20OFF,0.16
2870,NC,20OFF,0.15
3483,NC,20OFF,0.1
3300,NC,20OFF,0.1
2414,NC,20OFF,0.14
2948,NC,20OFF,0.17
2144,NC,20OFF,0.09
3948,NC,20OFF,0.14
2633,NC,20OFF,0.15
3001,NC,20OFF,0.13
3032,NC,20OFF,0.15
3003,NC,20OFF,0.12
2117,NC,20OFF,0.1
3449,NC,20OFF,0.13
3693,NC,20OFF,0.12
3069,NC,20OFF,0.13
3086,NC,20OFF,0.16
3867,NC,20OFF,0.13
2235,NC,20OFF,0.1
3704,NC,20OFF,0.13
3362,NC,20OFF,0.09
2877,NC,20OFF,0.1
3010,NC,20OFF,0.14
2622,NC,20OFF,0.15
2738,NC,20OFF,0.14
3773,NC,20OFF,0.11
3168,NC,20OFF,0.11
3546,NC,20OFF,0.11
3126,NC,20OFF,0.17
2642,NC,20OFF,0.13
3783,NC,20OFF,0.09
2048,NC,20OFF,0.09
2130,NC,20OFF,0.12
2899,NC,20OFF,0.13
3488,NC,20OFF,0.13
3925,NC,20OFF,0.09
2365,NC,20OFF,0.16
3599,NC,20OFF,0.14
2209,NC,20OFF,0.13
2566,NC,20OFF,0.12
3764,NC,20OFF,0.09
2008,NC,20OFF,0.12
2015,NC,20OFF,0.14
2223,NC,20OFF,0.11
2912,NC,20OFF,0.14
2337,NC,20OFF,0.14
2647,NC,20OFF,0.12
3050,NC,20OFF,0.12
2965,NC,20OFF,0.13
3889,NC,20OFF,0.12
2825,NC,20OFF,0.13
2708,NC,20OFF,0.15
3963,NC,20OFF,0.09
2527,NC,20OFF,0.16
2123,NC,20OFF,0.17
3438,NC,20OFF,0.11
3925,NC,20OFF,0.11
2299,NC,20OFF,0.09
2278,NC,20OFF,0.13
3359,NC,20OFF,0.12
2278,NC,20OFF,0.09
3842,NC,20OFF,0.09
3724,NC,20OFF,0.12
2990,NC,20OFF,0.17
3234,NC,20OFF,0.12
3789,NC,20OFF,0.17
2902,NC,20OFF,0.14
3648,NC,20OFF,0.13
2179,NC,20OFF,0.17
3505,NC,20OFF,0.17
3421,NC,20OFF,0.17
3567,NC,20OFF,0.11
3346,NC,20OFF,0.12
2547,NC,20OFF,0.1
3417,NC,20OFF,0.17
3908,NC,20OFF,0.11
3294,NC,20OFF,0.09
3248,NC,20OFF,0.09
2867,NC,20OFF,0.14
3706,NC,20OFF,0.17
3617,NC,20OFF,0.12
3111,NC,20OFF,0.14
2543,NC,20OFF,0.12
3054,NC,20OFF,0.13
3629,NC,20OFF,0.12
2315,NC,20OFF,0.1
3665,NC,20OFF,0.13
2537,NC,20OFF,0.13
3454,NC,20OFF,0.15
3674,NC,20OFF,0.11
2803,NC,20OFF,0.09
3807,NC,20OFF,0.16
2854,NC,20OFF,0.17
3542,NC,20OFF,0.12
2583,NC,20OFF,0.13
3380,NC,20OFF,0.13
3651,NC,20OFF,0.16
2030,NC,20OFF,0.14
3202,NC,20OFF,0.13
2529,NC,20OFF,0.1
2351,NC,20OFF,0.09
2381,NC,20OFF,0.11
3466,NC,20OFF,0.16
2582,NC,20OFF,0.12
2016,NC,20OFF,0.16
2772,NC,20OFF,0.12
3296,NC,20OFF,0.14
2592,NC,20OFF,0.12
3596,NC,20OFF,0.12
2014,NC,20OFF,0.14
3189,NC,20OFF,0.11
2270,NC,20OFF,0.09
2581,NC,20OFF,0.09
2379,NC,20OFF,0.13
2189,NC,20OFF,0.09
2895,NC,20OFF,0.15
2264,NC,20OFF,0.14
2610,NC,20OFF,0.17
2737,NC,20OFF,0.17
2327,NC,20OFF,0.17
2891,NC,20OFF,0.11
3665,NC,20OFF,0.17
2529,NC,20OFF,0.09
2794,NC,20OFF,0.09
3781,NC,20OFF,0.17
2492,NC,20OFF,0.1
3441,NC,20OFF,0.14
2972,NC,20OFF,0.14
3007,NC,20OFF,0.13
2362,NC,20OFF,0.09
2362,NC,20OFF,0.15
2242,NC,20OFF,0.17
2264,NC,20OFF,0.17
2950,NC,20OFF,0.17
3072,NC,20OFF,0.12
2356,NC,20OFF,0.14
3810,NC,20OFF,0.13
2785,NC,20OFF,0.14
2457,NC,20OFF,0.12
2635,NC,20OFF,0.13
2438,NC,20OFF,0.11
3607,NC,20OFF,0.12
3421,NC,20OFF,0.12
3014,NC,20OFF,0.13
3960,NC,20OFF,0.14
2502,NC,20OFF,0.09
3302,NC,20OFF,0.09
3938,NC,20OFF,0.1
3434,NC,20OFF,0.09
2303,NC,20OFF,0.13
3144,NC,20OFF,0.13
2819,NC,20OFF,0.17
2098,NC,20OFF,0.1
3492,NC,20OFF,0.15
3394,NC,20OFF,0.16
2193,NC,20OFF,0.14
2035,NC,20OFF,0.17
3881,NC,20OFF,0.16
2958,NC,20OFF,0.14
2555,NC,20OFF,0.12
3665,NC,20OFF,0.16
3927,NC,20OFF,0.14
2274,NC,20OFF,0.14
2405,NC,20OFF,0.13
3064,NC,20OFF,0.09
2304,NC,20OFF,0.13
2339,NC,20OFF,0.12
3283,NC,20OFF,0.12
2974,NC,20OFF,0.09
3705,NC,20OFF,0.13
3287,NC,20OFF,0.11
2698,NC,20OFF,0.14
3438,NC,20OFF,0.09
2350,NC,20OFF,0.14
2439,NC,20OFF,0.15
2093,NC,20OFF,0.12
2559,NC,20OFF,0.12
2142,NC,20OFF,0.13
3941,NC,20OFF,0.09
2905,NC,20OFF,0.15
3248,NC,20OFF,0.13
2827,NC,20OFF,0.1
3587,NC,20OFF,0.17
3335,NC,20OFF,0.16
3053,NC,20OFF,0.14
2241,NC,20OFF,0.14
2780,NC,20OFF,0.15
2720,NC,20OFF,0.15
3544,NC,20OFF,0.09
3120,NC,20OFF,0.16
3020,NC,20OFF,0.13
2629,NC,20OFF,0.15
2501,NC,20OFF,0.13
2662,NC,20OFF,0.14
2573,NC,20OFF,0.17
3589,NC,20OFF,0.12
3815,NC,20OFF,0.13
2313,NC,20OFF,0.12
3161,NC,20OFF,0.13
3539,NC,20OFF,0.09
2660,NC,20OFF,0.15
3304,NC,20OFF,0.13
3001,NC,20OFF,0.14
3256,NC,20OFF,0.13
2424,NC,20OFF,0.14
2308,NC,20OFF,0.14
3842,NC,20OFF,0.14
3447,NC,20OFF,0.08
2959,NC,20OFF,0.07
3675,NC,20OFF,0.13
2397,NC,20OFF,0.07
2337,NC,20OFF,0.08
3773,NC,20OFF,0.09
2110,NC,20OFF,0.13
3260,NC,20OFF,0.1
2608,NC,20OFF,0.08
2486,NC,20OFF,0.09
3944,NC,20OFF,0.13
2265,NC,20OFF,0.08
2914,NC,20OFF,0.12
2167,NC,20OFF,0.11
3341,NC,20OFF,0.07
3565,NC,20OFF,0.08
2900,NC,20OFF,0.08
2303,NC,20OFF,0.12
3348,NC,20OFF,0.1
2375,NC,20OFF,0.06
3971,NC,20OFF,0.14
2678,NC,20OFF,0.09
2791,NC,20OFF,0.1
3873,NC,20OFF,0.09
3370,NC,20OFF,0.1
3993,NC,20OFF,0.09
2063,NC,20OFF,0.12
3472,NC,20OFF,0.12
3796,NC,20OFF,0.11
2821,NC,20OFF,0.11
3357,NC,20OFF,0.13
2987,NC,20OFF,0.11
3962,NC,20OFF,0.11
3744,NC,20OFF,0.11
3685,NC,20OFF,0.07
3460,NC,20OFF,0.09
3142,NC,20OFF,0.12
3026,NC,20OFF,0.1
2781,NC,20OFF,0.13
2834,NC,20OFF,0.14
2674,NC,20OFF,0.09
2495,NC,20OFF,0.1
2206,NC,20OFF,0.08
3416,NC,20OFF,0.07
3883,NC,20OFF,0.11
3917,NC,20OFF,0.07
3865,NC,20OFF,0.11
2769,NC,20OFF,0.09
3387,NC,20OFF,0.06
2092,NC,20OFF,0.11
2621,NC,20OFF,0.08
2534,NC,20OFF,0.12
3576,NC,20OFF,0.12
3601,NC,20OFF,0.1
2867,NC,20OFF,0.11
3855,NC,20OFF,0.09
3636,NC,20OFF,0.11
2562,NC,20OFF,0.13
2242,NC,20OFF,0.06
2577,NC,20OFF,0.07
3514,NC,20OFF,0.07
3705,NC,20OFF,0.08
3382,NC,20OFF,0.09
2123,NC,20OFF,0.09
3147,NC,20OFF,0.07
2691,NC,20OFF,0.1
2654,NC,20OFF,0.13
2901,NC,20OFF,0.1
2421,NC,20OFF,0.11
2508,NC,20OFF,0.13
2854,NC,20OFF,0.12
3976,NC,20OFF,0.11
3063,NC,20OFF,0.11
2558,NC,20OFF,0.13
3747,NC,20OFF,0.09
2773,NC,20OFF,0.06
2256,NC,20OFF,0.1
3600,NC,20OFF,0.1
2283,NC,20OFF,0.07
3490,NC,20OFF,0.1
3908,NC,20OFF,0.1
2094,NC,20OFF,0.09
2731,NC,20OFF,0.09
3790,NC,20OFF,0.11
3827,NC,20OFF,0.1
3370,NC,20OFF,0.11
3831,NC,20OFF,0.1
2695,NC,20OFF,0.06
3563,NC,20OFF,0.08
3353,NC,20OFF,0.09
3784,NC,20OFF,0.09
3421,NC,20OFF,0.1
3099,NC,20OFF,0.08
3032,NC,20OFF,0.13
3252,NC,20OFF,0.09
3031,NC,20OFF,0.07
3087,NC,20OFF,0.14
2112,NC,20OFF,0.06
2776,NC,20OFF,0.14
3710,NC,20OFF,0.14
3834,NC,20OFF,0.11
3411,NC,20OFF,0.09
2102,NC,20OFF,0.09
2228,NC,20OFF,0.11
2739,NC,20OFF,0.11
2165,NC,20OFF,0.06
3310,NC,20OFF,0.1
2760,NC,20OFF,0.11
2475,NC,20OFF,0.09
2118,NC,20OFF,0.09
2876,NC,20OFF,0.1
3369,NC,20OFF,0.13
3774,NC,20OFF,0.08
3368,NC,20OFF,0.1
2835,NC,20OFF,0.14
3069,NC,20OFF,0.09
2101,SC,30OFF,0.23
2508,SC,30OFF,0.26
2590,SC,30OFF,0.23
3858,SC,30OFF,0.25
2903,SC,30OFF,0.21
2442,SC,30OFF,0.22
3813,SC,30OFF,0.21
3759,SC,30OFF,0.2
3568,SC,30OFF,0.25
2182,SC,30OFF,0.18
2595,SC,30OFF,0.22
2569,SC,30OFF,0.2
3291,SC,30OFF,0.22
2122,SC,30OFF,0.24
2112,SC,30OFF,0.21
3009,SC,30OFF,0.18
2061,SC,30OFF,0.22
2576,SC,30OFF,0.25
3961,SC,30OFF,0.2
3915,SC,30OFF,0.23
3796,SC,30OFF,0.22
3787,SC,30OFF,0.23
2963,SC,30OFF,0.21
3505,SC,30OFF,0.18
2375,SC,30OFF,0.21
2636,SC,30OFF,0.23
3836,SC,30OFF,0.21
3204,SC,30OFF,0.21
2709,SC,30OFF,0.19
2965,SC,30OFF,0.21
2990,SC,30OFF,0.22
3514,SC,30OFF,0.24
3272,SC,30OFF,0.23
3808,SC,30OFF,0.18
3343,SC,30OFF,0.25
3741,SC,30OFF,0.21
3330,SC,30OFF,0.19
2784,SC,30OFF,0.21
2842,SC,30OFF,0.23
2549,SC,30OFF,0.18
2765,SC,30OFF,0.23
2150,SC,30OFF,0.2
2488,SC,30OFF,0.25
3170,SC,30OFF,0.19
3020,SC,30OFF,0.22
2119,SC,30OFF,0.25
3449,SC,30OFF,0.22
2960,SC,30OFF,0.22
3906,SC,30OFF,0.24
3772,SC,30OFF,0.24
2441,SC,30OFF,0.23
3159,SC,30OFF,0.23
3581,SC,30OFF,0.18
2354,SC,30OFF,0.22
2653,SC,30OFF,0.21
3806,SC,30OFF,0.25
3377,SC,30OFF,0.26
3450,SC,30OFF,0.21
2756,SC,30OFF,0.21
2767,SC,30OFF,0.22
2260,SC,30OFF,0.26
2170,SC,30OFF,0.21
3050,SC,30OFF,0.2
2797,SC,30OFF,0.18
3970,SC,30OFF,0.21
2339,SC,30OFF,0.23
2678,SC,30OFF,0.2
3571,SC,30OFF,0.21
2951,SC,30OFF,0.18
2434,SC,30OFF,0.23
3307,SC,30OFF,0.23
3865,SC,30OFF,0.26
2282,SC,30OFF,0.22
3590,SC,30OFF,0.24
3034,SC,30OFF,0.26
3147,SC,30OFF,0.21
3785,SC,30OFF,0.24
2563,SC,30OFF,0.22
2591,SC,30OFF,0.19
3446,SC,30OFF,0.18
2560,SC,30OFF,0.23
3490,SC,30OFF,0.23
2083,SC,30OFF,0.22
3553,SC,30OFF,0.24
3237,SC,30OFF,0.19
2471,SC,30OFF,0.21
2522,SC,30OFF,0.25
2542,SC,30OFF,0.19
2658,SC,30OFF,0.22
2048,SC,30OFF,0.26
2664,SC,30OFF,0.22
2869,SC,30OFF,0.25
2596,SC,30OFF,0.24
2638,SC,30OFF,0.25
3206,SC,30OFF,0.22
3837,SC,30OFF,0.21
3834,SC,30OFF,0.22
2497,SC,30OFF,0.26
3655,SC,30OFF,0.19
3845,SC,30OFF,0.22
3473,SC,30OFF,0.2
2006,SC,30OFF,0.19
3562,SC,30OFF,0.23
2628,SC,30OFF,0.19
3492,SC,30OFF,0.22
2872,SC,30OFF,0.25
3330,SC,30OFF,0.25
2884,SC,30OFF,0.22
3019,SC,30OFF,0.21
2524,SC,30OFF,0.21
2650,SC,30OFF,0.21
2937,SC,30OFF,0.19
2901,SC,30OFF,0.26
2139,SC,30OFF,0.21
3016,SC,30OFF,0.23
2272,SC,30OFF,0.25
3142,SC,30OFF,0.23
2285,SC,30OFF,0.23
3649,SC,30OFF,0.26
3260,SC,30OFF,0.19
3811,SC,30OFF,0.2
3147,SC,30OFF,0.26
3584,SC,30OFF,0.24
2190,SC,30OFF,0.21
2855,SC,30OFF,0.18
2400,SC,30OFF,0.23
3171,SC,30OFF,0.21
2852,SC,30OFF,0.22
3548,SC,30OFF,0.26
2463,SC,30OFF,0.22
2400,SC,30OFF,0.23
2183,SC,30OFF,0.23
3987,SC,30OFF,0.18
3011,SC,30OFF,0.25
2244,SC,30OFF,0.21
2995,SC,30OFF,0.21
3218,SC,30OFF,0.22
2620,SC,30OFF,0.19
3881,SC,30OFF,0.23
2909,SC,30OFF,0.26
3761,SC,30OFF,0.23
3944,SC,30OFF,0.21
2434,SC,30OFF,0.25
2212,SC,30OFF,0.23
3197,SC,30OFF,0.19
2209,SC,30OFF,0.21
3344,SC,30OFF,0.21
2913,SC,30OFF,0.22
3914,SC,30OFF,0.23
3078,SC,30OFF,0.2
3743,SC,30OFF,0.23
3938,SC,30OFF,0.25
3009,SC,30OFF,0.23
3774,SC,30OFF,0.22
2308,SC,30OFF,0.25
2461,SC,30OFF,0.19
3392,SC,30OFF,0.25
3968,SC,30OFF,0.23
2646,SC,30OFF,0.22
3527,SC,30OFF,0.21
2349,SC,30OFF,0.23
2339,SC,30OFF,0.25
2049,SC,30OFF,0.21
2179,SC,30OFF,0.26
3634,SC,30OFF,0.18
3230,SC,30OFF,0.25
3276,SC,30OFF,0.19
2814,SC,30OFF,0.25
3023,SC,30OFF,0.2
3526,SC,30OFF,0.2
2608,SC,30OFF,0.22
2302,SC,30OFF,0.25
2077,SC,30OFF,0.21
2559,SC,30OFF,0.23
3206,SC,30OFF,0.21
3210,SC,30OFF,0.26
2443,SC,30OFF,0.18
3340,SC,30OFF,0.21
3582,SC,30OFF,0.22
3897,SC,30OFF,0.24
3122,SC,30OFF,0.22
3811,SC,30OFF,0.23
2019,SC,30OFF,0.23
2863,SC,30OFF,0.18
2224,SC,30OFF,0.2
2563,SC,30OFF,0.23
2722,SC,30OFF,0.2
3283,SC,30OFF,0.19
3358,SC,30OFF,0.23
3276,SC,30OFF,0.18
3215,SC,30OFF,0.23
2662,SC,30OFF,0.22
2148,SC,30OFF,0.23
2289,SC,30OFF,0.22
3818,SC,30OFF,0.22
2843,SC,30OFF,0.26
2222,SC,30OFF,0.26
3439,SC,30OFF,0.25
3052,SC,30OFF,0.22
3898,SC,30OFF,0.19
2353,SC,30OFF,0.25
3761,SC,30OFF,0.21
3066,SC,30OFF,0.22
3134,SC,30OFF,0.23
2655,SC,30OFF,0.21
3811,SC,30OFF,0.26
2272,SC,30OFF,0.21
3760,SC,30OFF,0.21
2136,SC,30OFF,0.23
3938,SC,30OFF,0.2
3544,SC,30OFF,0.25
2025,SC,30OFF,0.26
3784,SC,30OFF,0.24
3485,SC,30OFF,0.18
2848,SC,30OFF,0.26
2202,SC,30OFF,0.24
2348,SC,30OFF,0.22
2176,SC,30OFF,0.2
3574,SC,30OFF,0.26
3862,SC,30OFF,0.26
2653,SC,30OFF,0.23
3943,SC,30OFF,0.22
2175,SC,30OFF,0.23
2869,SC,30OFF,0.24
2244,SC,30OFF,0.23
2030,SC,30OFF,0.22
3227,SC,30OFF,0.22
2388,SC,30OFF,0.18
3347,SC,30OFF,0.26
2274,SC,30OFF,0.23
2541,SC,30OFF,0.22
3420,SC,30OFF,0.19
3252,SC,30OFF,0.2
3713,SC,30OFF,0.26
2362,SC,30OFF,0.25
2003,SC,30OFF,0.2
2147,SC,30OFF,0.26
2107,SC,30OFF,0.22
3993,SC,30OFF,0.22
3247,SC,30OFF,0.24
3652,SC,30OFF,0.24
2859,SC,30OFF,0.23
2838,SC,30OFF,0.23
3878,SC,30OFF,0.21
2508,SC,30OFF,0.24
3732,SC,30OFF,0.23
2871,SC,30OFF,0.25
2872,SC,30OFF,0.25
3084,SC,30OFF,0.23
3344,SC,30OFF,0.25
2693,SC,30OFF,0.26
3264,SC,30OFF,0.22
2939,SC,30OFF,0.21
3928,SC,30OFF,0.21
2623,SC,30OFF,0.21
3992,SC,30OFF,0.19
2590,SC,30OFF,0.22
2450,SC,30OFF,0.22
2658,SC,30OFF,0.23
3894,SC,30OFF,0.23
2648,SC,30OFF,0.22
3781,SC,30OFF,0.22
3925,SC,30OFF,0.26
2800,SC,30OFF,0.23
3274,SC,30OFF,0.26
2957,SC,30OFF,0.18
3416,SC,30OFF,0.25
3837,SC,30OFF,0.19
2947,SC,30OFF,0.22
2725,SC,30OFF,0.2
3522,SC,30OFF,0.21
2776,SC,30OFF,0.21
2278,SC,30OFF,0.22
2145,SC,30OFF,0.26
2842,SC,30OFF,0.18
3008,SC,30OFF,0.21
2861,SC,30OFF,0.25
3642,SC,30OFF,0.21
3891,SC,30OFF,0.23
2538,SC,30OFF,0.25
3380,SC,30OFF,0.26
2572,SC,30OFF,0.24
2674,SC,30OFF,0.26
2125,SC,30OFF,0.26
3735,SC,30OFF,0.22
3289,SC,30OFF,0.21
2303,SC,30OFF,0.23
3310,SC,30OFF,0.19
2916,SC,30OFF,0.25
2151,SC,30OFF,0.21
2824,SC,30OFF,0.18
2520,SC,30OFF,0.19
3337,SC,30OFF,0.2
2105,SC,30OFF,0.21
2578,SC,30OFF,0.2
2701,SC,30OFF,0.2
2273,SC,30OFF,0.22
3976,SC,30OFF,0.24
2076,SC,30OFF,0.23
2734,SC,30OFF,0.21
3483,SC,30OFF,0.2
2650,SC,30OFF,0.18
3791,SC,30OFF,0.25
2193,SC,30OFF,0.18
3394,SC,30OFF,0.2
3760,SC,30OFF,0.18
2956,SC,30OFF,0.17
2813,SC,30OFF,0.19
3124,SC,30OFF,0.16
2260,SC,30OFF,0.16
2467,SC,30OFF,0.21
2296,SC,30OFF,0.2
2489,SC,30OFF,0.17
3558,SC,30OFF,0.18
2625,SC,30OFF,0.16
2101,SC,30OFF,0.18
3727,SC,30OFF,0.16
2190,SC,30OFF,0.16
2188,SC,30OFF,0.19
2125,SC,30OFF,0.23
2298,SC,30OFF,0.17
2757,SC,30OFF,0.19
2245,SC,30OFF,0.23
3023,SC,30OFF,0.21
2242,SC,30OFF,0.17
2211,SC,30OFF,0.22
3413,SC,30OFF,0.19
2027,SC,30OFF,0.19
2047,SC,30OFF,0.16
3245,SC,30OFF,0.2
2543,SC,30OFF,0.17
2265,SC,30OFF,0.23
2022,SC,30OFF,0.15
2409,SC,30OFF,0.17
3020,SC,30OFF,0.15
2904,SC,30OFF,0.19
2114,SC,30OFF,0.2
2979,SC,30OFF,0.16
2182,SC,30OFF,0.17
3685,SC,30OFF,0.19
3126,SC,30OFF,0.15
3425,SC,30OFF,0.19
3727,SC,30OFF,0.19
3627,SC,30OFF,0.23
3900,SC,30OFF,0.18
2316,SC,30OFF,0.22
2179,SC,30OFF,0.17
3225,SC,30OFF,0.23
2590,SC,30OFF,0.15
2355,SC,30OFF,0.17
2412,SC,30OFF,0.2
2175,SC,30OFF,0.19
3835,SC,30OFF,0.16
3391,SC,30OFF,0.18
3487,SC,30OFF,0.18
3365,SC,30OFF,0.18
2984,SC,30OFF,0.16
2069,SC,30OFF,0.21
3077,SC,30OFF,0.19
3551,SC,30OFF,0.22
3404,SC,30OFF,0.2
2375,SC,30OFF,0.18
2105,SC,30OFF,0.19
3657,SC,30OFF,0.17
3598,SC,30OFF,0.19
2230,SC,30OFF,0.18
3281,SC,30OFF,0.18
2116,SC,30OFF,0.17
3038,SC,30OFF,0.17
2461,SC,30OFF,0.16
2312,SC,30OFF,0.18
3459,SC,30OFF,0.19
2245,SC,30OFF,0.15
3312,SC,30OFF,0.19
3309,SC,30OFF,0.21
3973,SC,30OFF,0.22
2146,SC,30OFF,0.2
2661,SC,30OFF,0.22
2820,SC,30OFF,0.22
2561,SC,30OFF,0.2
2145,SC,30OFF,0.23
3441,SC,30OFF,0.22
2914,SC,30OFF,0.16
2501,SC,30OFF,0.18
3414,SC,30OFF,0.16
3093,SC,30OFF,0.17
2889,SC,30OFF,0.18
3002,SC,30OFF,0.17
3109,SC,30OFF,0.2
2475,SC,30OFF,0.23
3094,SC,30OFF,0.23
2176,SC,30OFF,0.15
2333,SC,30OFF,0.19
3276,SC,30OFF,0.22
3019,SC,30OFF,0.16
2142,SC,30OFF,0.21
2690,SC,30OFF,0.21
2975,SC,30OFF,0.23
3180,SC,30OFF,0.18
3865,SC,30OFF,0.19
3996,SC,30OFF,0.19
2887,SC,30OFF,0.16
2085,SC,30OFF,0.17
2829,SC,30OFF,0.2
2415,SC,30OFF,0.21
3026,SC,30OFF,0.18
3733,SC,30OFF,0.19
2063,SC,30OFF,0.2
2866,SC,30OFF,0.17
3237,SC,30OFF,0.17
3864,SC,30OFF,0.18
2140,SC,30OFF,0.18
2722,SC,30OFF,0.21
3703,SC,30OFF,0.2
3704,SC,30OFF,0.18
3773,SC,30OFF,0.19
3844,SC,30OFF,0.2
2870,SC,30OFF,0.2
3483,SC,30OFF,0.22
3300,SC,30OFF,0.2
2414,SC,30OFF,0.19
2948,SC,30OFF,0.21
2144,SC,30OFF,0.2
3948,SC,30OFF,0.22
2633,SC,30OFF,0.19
3001,SC,30OFF,0.15
3032,SC,30OFF,0.18
3003,SC,30OFF,0.22
2117,SC,30OFF,0.18
3449,SC,30OFF,0.22
3693,SC,30OFF,0.16
3069,SC,30OFF,0.19
3086,SC,30OFF,0.19
3867,SC,30OFF,0.21
2235,SC,30OFF,0.2
3704,SC,30OFF,0.17
3362,SC,30OFF,0.17
2877,SC,30OFF,0.18
3010,SC,30OFF,0.18
2622,SC,30OFF,0.17
2738,SC,30OFF,0.19
3773,SC,30OFF,0.23
3168,SC,30OFF,0.15
3546,SC,30OFF,0.17
3126,SC,30OFF,0.18
2642,SC,30OFF,0.2
3783,SC,30OFF,0.2
2048,SC,30OFF,0.18
2130,SC,30OFF,0.22
2899,SC,30OFF,0.17
3488,SC,30OFF,0.15
3925,SC,30OFF,0.15
2365,SC,30OFF,0.2
3599,SC,30OFF,0.16
2209,SC,30OFF,0.19
2566,SC,30OFF,0.15
3764,SC,30OFF,0.22
2008,SC,30OFF,0.17
2015,SC,30OFF,0.19
2223,SC,30OFF,0.2
2912,SC,30OFF,0.18
2337,SC,30OFF,0.21
2647,SC,30OFF,0.19
3050,SC,30OFF,0.2
2965,SC,30OFF,0.15
3889,SC,30OFF,0.22
2825,SC,30OFF,0.23
2708,SC,30OFF,0.18
3963,SC,30OFF,0.18
2527,SC,30OFF,0.15
2123,SC,30OFF,0.19
3438,SC,30OFF,0.21
3925,SC,30OFF,0.2
2299,SC,30OFF,0.23
2278,SC,30OFF,0.19
3359,SC,30OFF,0.19
2278,SC,30OFF,0.23
3842,SC,30OFF,0.2
3724,SC,30OFF,0.19
2990,SC,30OFF,0.19
3234,SC,30OFF,0.23
3789,SC,30OFF,0.18
2902,SC,30OFF,0.2
3648,SC,30OFF,0.16
2179,SC,30OFF,0.16
3505,SC,30OFF,0.2
3421,SC,30OFF,0.16
3567,SC,30OFF,0.18
3346,SC,30OFF,0.21
2547,SC,30OFF,0.17
3417,SC,30OFF,0.19
3908,SC,30OFF,0.16
3294,SC,30OFF,0.18
3248,SC,30OFF,0.2
2867,SC,30OFF,0.18
3706,SC,30OFF,0.22
3617,SC,30OFF,0.19
3111,SC,30OFF,0.23
2543,SC,30OFF,0.18
3054,SC,30OFF,0.15
3629,SC,30OFF,0.22
2315,SC,30OFF,0.21
3665,SC,30OFF,0.23
2537,SC,30OFF,0.18
3454,SC,30OFF,0.17
3674,SC,30OFF,0.19
2803,SC,30OFF,0.15
3807,SC,30OFF,0.22
2854,SC,30OFF,0.2
3542,SC,30OFF,0.18
2583,SC,30OFF,0.2
3380,SC,30OFF,0.22
3651,SC,30OFF,0.16
2030,SC,30OFF,0.21
3202,SC,30OFF,0.18
2529,SC,30OFF,0.18
2351,SC,30OFF,0.16
2381,SC,30OFF,0.21
3466,SC,30OFF,0.22
2582,SC,30OFF,0.21
2016,SC,30OFF,0.2
2772,SC,30OFF,0.19
3296,SC,30OFF,0.2
2592,SC,30OFF,0.16
3596,SC,30OFF,0.22
2014,SC,30OFF,0.16
3189,SC,30OFF,0.15
2270,SC,30OFF,0.19
2581,SC,30OFF,0.18
2379,SC,30OFF,0.21
2189,SC,30OFF,0.19
2895,SC,30OFF,0.2
2264,SC,30OFF,0.2
2610,SC,30OFF,0.17
2737,SC,30OFF,0.21
2327,SC,30OFF,0.2
2891,SC,30OFF,0.2
3665,SC,30OFF,0.18
2529,SC,30OFF,0.21
2794,SC,30OFF,0.17
3781,SC,30OFF,0.2
2492,SC,30OFF,0.17
3441,SC,30OFF,0.2
2972,SC,30OFF,0.19
3007,SC,30OFF,0.19
2362,SC,30OFF,0.19
2362,SC,30OFF,0.2
2242,SC,30OFF,0.17
2264,SC,30OFF,0.19
2950,SC,30OFF,0.18
3072,SC,30OFF,0.23
2356,SC,30OFF,0.21
3810,SC,30OFF,0.19
2785,SC,30OFF,0.19
2457,SC,30OFF,0.23
2635,SC,30OFF,0.15
2438,SC,30OFF,0.2
3607,SC,30OFF,0.2
3421,SC,30OFF,0.19
3014,SC,30OFF,0.19
3960,SC,30OFF,0.19
2502,SC,30OFF,0.21
3302,SC,30OFF,0.23
3938,SC,30OFF,0.19
3434,SC,30OFF,0.19
2303,SC,30OFF,0.21
3144,SC,30OFF,0.21
2819,SC,30OFF,0.18
2098,SC,30OFF,0.18
3492,SC,30OFF,0.16
3394,SC,30OFF,0.22
2193,SC,30OFF,0.18
2035,SC,30OFF,0.15
3881,SC,30OFF,0.15
2958,SC,30OFF,0.23
2555,SC,30OFF,0.17
3665,SC,30OFF,0.15
3927,SC,30OFF,0.18
2274,SC,30OFF,0.18
2405,SC,30OFF,0.19
3064,SC,30OFF,0.21
2304,SC,30OFF,0.18
2339,SC,30OFF,0.19
3283,SC,30OFF,0.21
2974,SC,30OFF,0.17
3705,SC,30OFF,0.22
3287,SC,30OFF,0.23
2698,SC,30OFF,0.15
3438,SC,30OFF,0.15
2350,SC,30OFF,0.18
2439,SC,30OFF,0.2
2093,SC,30OFF,0.17
2559,SC,30OFF,0.16
2142,SC,30OFF,0.2
3941,SC,30OFF,0.19
2905,SC,30OFF,0.22
3248,SC,30OFF,0.15
2827,SC,30OFF,0.17
3587,SC,30OFF,0.2
3335,SC,30OFF,0.16
3053,SC,30OFF,0.18
2241,SC,30OFF,0.17
2780,SC,30OFF,0.18
2720,SC,30OFF,0.16
3544,SC,30OFF,0.17
3120,SC,30OFF,0.23
3020,SC,30OFF,0.2
2629,SC,30OFF,0.16
2501,SC,30OFF,0.2
2662,SC,30OFF,0.23
2573,SC,30OFF,0.18
3589,SC,30OFF,0.16
3815,SC,30OFF,0.17
2313,SC,30OFF,0.17
3161,SC,30OFF,0.22
3539,SC,30OFF,0.19
2660,SC,30OFF,0.16
3304,SC,30OFF,0.18
3001,SC,30OFF,0.2
3256,SC,30OFF,0.18
2424,SC,30OFF,0.23
2308,SC,30OFF,0.22
3842,SC,30OFF,0.16
3447,SC,30OFF,0.15
2959,SC,30OFF,0.18
3675,SC,30OFF,0.2
2397,SC,30OFF,0.16
2337,SC,30OFF,0.15
3773,SC,30OFF,0.17
2110,SC,30OFF,0.15
3260,SC,30OFF,0.14
2608,SC,30OFF,0.15
2486,SC,30OFF,0.12
3944,SC,30OFF,0.18
2265,SC,30OFF,0.18
2914,SC,30OFF,0.14
2167,SC,30OFF,0.17
3341,SC,30OFF,0.17
3565,SC,30OFF,0.14
2900,SC,30OFF,0.17
2303,SC,30OFF,0.16
3348,SC,30OFF,0.15
2375,SC,30OFF,0.13
3971,SC,30OFF,0.14
2678,SC,30OFF,0.19
2791,SC,30OFF,0.18
3873,SC,30OFF,0.13
3370,SC,30OFF,0.15
3993,SC,30OFF,0.13
2063,SC,30OFF,0.14
3472,SC,30OFF,0.14
3796,SC,30OFF,0.2
2821,SC,30OFF,0.2
3357,SC,30OFF,0.16
2987,SC,30OFF,0.13
3962,SC,30OFF,0.16
3744,SC,30OFF,0.12
3685,SC,30OFF,0.17
3460,SC,30OFF,0.12
3142,SC,30OFF,0.14
3026,SC,30OFF,0.16
2781,SC,30OFF,0.12
2834,SC,30OFF,0.15
2674,SC,30OFF,0.13
2495,SC,30OFF,0.15
2206,SC,30OFF,0.13
3416,SC,30OFF,0.16
3883,SC,30OFF,0.17
3917,SC,30OFF,0.17
3865,SC,30OFF,0.19
2769,SC,30OFF,0.13
3387,SC,30OFF,0.15
2092,SC,30OFF,0.12
2621,SC,30OFF,0.15
2534,SC,30OFF,0.14
3576,SC,30OFF,0.19
3601,SC,30OFF,0.16
2867,SC,30OFF,0.12
3855,SC,30OFF,0.19
3636,SC,30OFF,0.16
2562,SC,30OFF,0.2
2242,SC,30OFF,0.16
2577,SC,30OFF,0.17
3514,SC,30OFF,0.14
3705,SC,30OFF,0.13
3382,SC,30OFF,0.15
2123,SC,30OFF,0.16
3147,SC,30OFF,0.2
2691,SC,30OFF,0.17
2654,SC,30OFF,0.18
2901,SC,30OFF,0.15
2421,SC,30OFF,0.15
2508,SC,30OFF,0.2
2854,SC,30OFF,0.17
3976,SC,30OFF,0.13
3063,SC,30OFF,0.17
2558,SC,30OFF,0.14
3747,SC,30OFF,0.15
2773,SC,30OFF,0.19
2256,SC,30OFF,0.17
3600,SC,30OFF,0.12
2283,SC,30OFF,0.16
3490,SC,30OFF,0.17
3908,SC,30OFF,0.18
2094,SC,30OFF,0.16
2731,SC,30OFF,0.15
3790,SC,30OFF,0.14
3827,SC,30OFF,0.18
3370,SC,30OFF,0.15
3831,SC,30OFF,0.16
2695,SC,30OFF,0.19
3563,SC,30OFF,0.18
3353,SC,30OFF,0.17
3784,SC,30OFF,0.18
3421,SC,30OFF,0.12
3099,SC,30OFF,0.12
3032,SC,30OFF,0.14
3252,SC,30OFF,0.12
3031,SC,30OFF,0.2
3087,SC,30OFF,0.18
2112,SC,30OFF,0.2
2776,SC,30OFF,0.18
3710,SC,30OFF,0.2
3834,SC,30OFF,0.15
3411,SC,30OFF,0.15
2102,SC,30OFF,0.2
2228,SC,30OFF,0.14
2739,SC,30OFF,0.17
2165,SC,30OFF,0.15
3310,SC,30OFF,0.15
2760,SC,30OFF,0.19
2475,SC,30OFF,0.16
2118,SC,30OFF,0.16
2876,SC,30OFF,0.16
3369,SC,30OFF,0.15
3774,SC,30OFF,0.18
3368,SC,30OFF,0.18
2835,SC,30OFF,0.16
3069,SC,30OFF,0.15
2101,NC,30OFF,0.17
2508,NC,30OFF,0.19
2590,NC,30OFF,0.15
3858,NC,30OFF,0.17
2903,NC,30OFF,0.15
2442,NC,30OFF,0.21
3813,NC,30OFF,0.15
3759,NC,30OFF,0.15
3568,NC,30OFF,0.2
2182,NC,30OFF,0.18
2595,NC,30OFF,0.19
2569,NC,30OFF,0.17
3291,NC,30OFF,0.22
2122,NC,30OFF,0.21
2112,NC,30OFF,0.21
3009,NC,30OFF,0.21
2061,NC,30OFF,0.19
2576,NC,30OFF,0.2
3961,NC,30OFF,0.18
3915,NC,30OFF,0.18
3796,NC,30OFF,0.2
3787,NC,30OFF,0.19
2963,NC,30OFF,0.23
3505,NC,30OFF,0.2
2375,NC,30OFF,0.19
2636,NC,30OFF,0.18
3836,NC,30OFF,0.18
3204,NC,30OFF,0.22
2709,NC,30OFF,0.21
2965,NC,30OFF,0.16
2990,NC,30OFF,0.19
3514,NC,30OFF,0.22
3272,NC,30OFF,0.18
3808,NC,30OFF,0.2
3343,NC,30OFF,0.19
3741,NC,30OFF,0.15
3330,NC,30OFF,0.22
2784,NC,30OFF,0.17
2842,NC,30OFF,0.22
2549,NC,30OFF,0.22
2765,NC,30OFF,0.2
2150,NC,30OFF,0.15
2488,NC,30OFF,0.15
3170,NC,30OFF,0.18
3020,NC,30OFF,0.17
2119,NC,30OFF,0.16
3449,NC,30OFF,0.18
2960,NC,30OFF,0.2
3906,NC,30OFF,0.23
3772,NC,30OFF,0.15
2441,NC,30OFF,0.16
3159,NC,30OFF,0.21
3581,NC,30OFF,0.18
2354,NC,30OFF,0.2
2653,NC,30OFF,0.2
3806,NC,30OFF,0.19
3377,NC,30OFF,0.16
3450,NC,30OFF,0.23
2756,NC,30OFF,0.22
2767,NC,30OFF,0.19
2260,NC,30OFF,0.21
2170,NC,30OFF,0.19
3050,NC,30OFF,0.19
2797,NC,30OFF,0.19
3970,NC,30OFF,0.19
2339,NC,30OFF,0.16
2678,NC,30OFF,0.2
3571,NC,30OFF,0.23
2951,NC,30OFF,0.22
2434,NC,30OFF,0.18
3307,NC,30OFF,0.22
3865,NC,30OFF,0.17
2282,NC,30OFF,0.19
3590,NC,30OFF,0.19
3034,NC,30OFF,0.21
3147,NC,30OFF,0.2
3785,NC,30OFF,0.21
2563,NC,30OFF,0.21
2591,NC,30OFF,0.23
3446,NC,30OFF,0.19
2560,NC,30OFF,0.21
3490,NC,30OFF,0.22
2083,NC,30OFF,0.15
3553,NC,30OFF,0.2
3237,NC,30OFF,0.21
2471,NC,30OFF,0.19
2522,NC,30OFF,0.23
2542,NC,30OFF,0.15
2658,NC,30OFF,0.19
2048,NC,30OFF,0.2
2664,NC,30OFF,0.15
2869,NC,30OFF,0.17
2596,NC,30OFF,0.17
2638,NC,30OFF,0.17
3206,NC,30OFF,0.18
3837,NC,30OFF,0.2
3834,NC,30OFF,0.19
2497,NC,30OFF,0.22
3655,NC,30OFF,0.19
3845,NC,30OFF,0.19
3473,NC,30OFF,0.19
2006,NC,30OFF,0.16
3562,NC,30OFF,0.18
2628,NC,30OFF,0.2
3492,NC,30OFF,0.18
2872,NC,30OFF,0.21
3330,NC,30OFF,0.19
2884,NC,30OFF,0.15
3019,NC,30OFF,0.2
2524,NC,30OFF,0.19
2650,NC,30OFF,0.18
2937,NC,30OFF,0.17
2901,NC,30OFF,0.21
2139,NC,30OFF,0.18
3016,NC,30OFF,0.18
2272,NC,30OFF,0.2
3142,NC,30OFF,0.2
2285,NC,30OFF,0.21
3649,NC,30OFF,0.17
3260,NC,30OFF,0.21
3811,NC,30OFF,0.21
3147,NC,30OFF,0.18
3584,NC,30OFF,0.16
2190,NC,30OFF,0.23
2855,NC,30OFF,0.18
2400,NC,30OFF,0.21
3171,NC,30OFF,0.19
2852,NC,30OFF,0.18
3548,NC,30OFF,0.15
2463,NC,30OFF,0.15
2400,NC,30OFF,0.16
2183,NC,30OFF,0.16
3987,NC,30OFF,0.18
3011,NC,30OFF,0.22
2244,NC,30OFF,0.18
2995,NC,30OFF,0.16
3218,NC,30OFF,0.15
2620,NC,30OFF,0.17
3881,NC,30OFF,0.2
2909,NC,30OFF,0.21
3761,NC,30OFF,0.17
3944,NC,30OFF,0.15
2434,NC,30OFF,0.21
2212,NC,30OFF,0.16
3197,NC,30OFF,0.19
2209,NC,30OFF,0.19
3344,NC,30OFF,0.21
2913,NC,30OFF,0.21
3914,NC,30OFF,0.19
3078,NC,30OFF,0.17
3743,NC,30OFF,0.2
3938,NC,30OFF,0.18
3009,NC,30OFF,0.18
3774,NC,30OFF,0.19
2308,NC,30OFF,0.19
2461,NC,30OFF,0.19
3392,NC,30OFF,0.23
3968,NC,30OFF,0.18
2646,NC,30OFF,0.2
3527,NC,30OFF,0.15
2349,NC,30OFF,0.19
2339,NC,30OFF,0.19
2049,NC,30OFF,0.17
2179,NC,30OFF,0.15
3634,NC,30OFF,0.19
3230,NC,30OFF,0.22
3276,NC,30OFF,0.18
2814,NC,30OFF,0.23
3023,NC,30OFF,0.22
3526,NC,30OFF,0.18
2608,NC,30OFF,0.17
2302,NC,30OFF,0.17
2077,NC,30OFF,0.2
2559,NC,30OFF,0.19
3206,NC,30OFF,0.2
3210,NC,30OFF,0.16
2443,NC,30OFF,0.17
3340,NC,30OFF,0.23
3582,NC,30OFF,0.19
3897,NC,30OFF,0.18
3122,NC,30OFF,0.19
3811,NC,30OFF,0.19
2019,NC,30OFF,0.19
2863,NC,30OFF,0.19
2224,NC,30OFF,0.19
2563,NC,30OFF,0.22
2722,NC,30OFF,0.2
3283,NC,30OFF,0.21
3358,NC,30OFF,0.18
3276,NC,30OFF,0.22
3215,NC,30OFF,0.15
2662,NC,30OFF,0.21
2148,NC,30OFF,0.18
2289,NC,30OFF,0.18
3818,NC,30OFF,0.19
2843,NC,30OFF,0.17
2222,NC,30OFF,0.19
3439,NC,30OFF,0.18
3052,NC,30OFF,0.2
3898,NC,30OFF,0.16
2353,NC,30OFF,0.22
3761,NC,30OFF,0.2
3066,NC,30OFF,0.15
3134,NC,30OFF,0.22
2655,NC,30OFF,0.18
3811,NC,30OFF,0.22
2272,NC,30OFF,0.2
3760,NC,30OFF,0.15
2136,NC,30OFF,0.23
3938,NC,30OFF,0.23
3544,NC,30OFF,0.18
2025,NC,30OFF,0.22
3784,NC,30OFF,0.19
3485,NC,30OFF,0.19
2848,NC,30OFF,0.15
2202,NC,30OFF,0.19
2348,NC,30OFF,0.2
2176,NC,30OFF,0.18
3574,NC,30OFF,0.22
3862,NC,30OFF,0.22
2653,NC,30OFF,0.22
3943,NC,30OFF,0.17
2175,NC,30OFF,0.21
2869,NC,30OFF,0.19
2244,NC,30OFF,0.2
2030,NC,30OFF,0.21
3227,NC,30OFF,0.19
2388,NC,30OFF,0.18
3347,NC,30OFF,0.17
2274,NC,30OFF,0.19
2541,NC,30OFF,0.23
3420,NC,30OFF,0.2
3252,NC,30OFF,0.18
3713,NC,30OFF,0.21
2362,NC,30OFF,0.23
2003,NC,30OFF,0.19
2147,NC,30OFF,0.19
2107,NC,30OFF,0.22
3993,NC,30OFF,0.19
3247,NC,30OFF,0.18
3652,NC,30OFF,0.17
2859,NC,30OFF,0.23
2838,NC,30OFF,0.23
3878,NC,30OFF,0.17
2508,NC,30OFF,0.18
3732,NC,30OFF,0.15
2871,NC,30OFF,0.15
2872,NC,30OFF,0.17
3084,NC,30OFF,0.23
3344,NC,30OFF,0.19
2693,NC,30OFF,0.23
3264,NC,30OFF,0.21
2939,NC,30OFF,0.15
3928,NC,30OFF,0.18
2623,NC,30OFF,0.19
3992,NC,30OFF,0.18
2590,NC,30OFF,0.2
2450,NC,30OFF,0.15
2658,NC,30OFF,0.18
3894,NC,30OFF,0.2
2648,NC,30OFF,0.2
3781,NC,30OFF,0.16
3925,NC,30OFF,0.2
2800,NC,30OFF,0.23
3274,NC,30OFF,0.19
2957,NC,30OFF,0.16
3416,NC,30OFF,0.18
3837,NC,30OFF,0.19
2947,NC,30OFF,0.18
2725,NC,30OFF,0.2
3522,NC,30OFF,0.21
2776,NC,30OFF,0.19
2278,NC,30OFF,0.18
2145,NC,30OFF,0.23
2842,NC,30OFF,0.19
3008,NC,30OFF,0.19
2861,NC,30OFF,0.16
3642,NC,30OFF,0.2
3891,NC,30OFF,0.2
2538,NC,30OFF,0.16
3380,NC,30OFF,0.2
2572,NC,30OFF,0.21
2674,NC,30OFF,0.21
2125,NC,30OFF,0.17
3735,NC,30OFF,0.21
3289,NC,30OFF,0.19
2303,NC,30OFF,0.16
3310,NC,30OFF,0.18
2916,NC,30OFF,0.15
2151,NC,30OFF,0.2
2824,NC,30OFF,0.15
2520,NC,30OFF,0.18
3337,NC,30OFF,0.17
2105,NC,30OFF,0.2
2578,NC,30OFF,0.19
2701,NC,30OFF,0.17
2273,NC,30OFF,0.2
3976,NC,30OFF,0.16
2076,NC,30OFF,0.16
2734,NC,30OFF,0.15
3483,NC,30OFF,0.17
2650,NC,30OFF,0.23
3791,NC,30OFF,0.16
2193,NC,30OFF,0.18
3394,NC,30OFF,0.2
3760,NC,30OFF,0.2
2956,NC,30OFF,0.18
2813,NC,30OFF,0.18
3124,NC,30OFF,0.14
2260,NC,30OFF,0.16
2467,NC,30OFF,0.2
2296,NC,30OFF,0.16
2489,NC,30OFF,0.18
3558,NC,30OFF,0.15
2625,NC,30OFF,0.15
2101,NC,30OFF,0.18
3727,NC,30OFF,0.16
2190,NC,30OFF,0.18
2188,NC,30OFF,0.17
2125,NC,30OFF,0.17
2298,NC,30OFF,0.17
2757,NC,30OFF,0.19
2245,NC,30OFF,0.17
3023,NC,30OFF,0.16
2242,NC,30OFF,0.15
2211,NC,30OFF,0.13
3413,NC,30OFF,0.16
2027,NC,30OFF,0.12
2047,NC,30OFF,0.17
3245,NC,30OFF,0.16
2543,NC,30OFF,0.14
2265,NC,30OFF,0.12
2022,NC,30OFF,0.2
2409,NC,30OFF,0.14
3020,NC,30OFF,0.19
2904,NC,30OFF,0.13
2114,NC,30OFF,0.15
2979,NC,30OFF,0.18
2182,NC,30OFF,0.15
3685,NC,30OFF,0.17
3126,NC,30OFF,0.12
3425,NC,30OFF,0.16
3727,NC,30OFF,0.2
3627,NC,30OFF,0.13
3900,NC,30OFF,0.18
2316,NC,30OFF,0.18
2179,NC,30OFF,0.17
3225,NC,30OFF,0.16
2590,NC,30OFF,0.2
2355,NC,30OFF,0.13
2412,NC,30OFF,0.2
2175,NC,30OFF,0.12
3835,NC,30OFF,0.12
3391,NC,30OFF,0.17
3487,NC,30OFF,0.17
3365,NC,30OFF,0.16
2984,NC,30OFF,0.17
2069,NC,30OFF,0.17
3077,NC,30OFF,0.18
3551,NC,30OFF,0.13
3404,NC,30OFF,0.14
2375,NC,30OFF,0.14
2105,NC,30OFF,0.14
3657,NC,30OFF,0.16
3598,NC,30OFF,0.13
2230,NC,30OFF,0.16
3281,NC,30OFF,0.15
2116,NC,30OFF,0.15
3038,NC,30OFF,0.19
2461,NC,30OFF,0.13
2312,NC,30OFF,0.16
3459,NC,30OFF,0.17
2245,NC,30OFF,0.2
3312,NC,30OFF,0.17
3309,NC,30OFF,0.13
3973,NC,30OFF,0.17
2146,NC,30OFF,0.14
2661,NC,30OFF,0.16
2820,NC,30OFF,0.2
2561,NC,30OFF,0.14
2145,NC,30OFF,0.16
3441,NC,30OFF,0.15
2914,NC,30OFF,0.19
2501,NC,30OFF,0.2
3414,NC,30OFF,0.12
3093,NC,30OFF,0.17
2889,NC,30OFF,0.16
3002,NC,30OFF,0.18
3109,NC,30OFF,0.17
2475,NC,30OFF,0.2
3094,NC,30OFF,0.19
2176,NC,30OFF,0.15
2333,NC,30OFF,0.18
3276,NC,30OFF,0.19
3019,NC,30OFF,0.15
2142,NC,30OFF,0.16
2690,NC,30OFF,0.13
2975,NC,30OFF,0.16
3180,NC,30OFF,0.13
3865,NC,30OFF,0.19
3996,NC,30OFF,0.16
2887,NC,30OFF,0.12
2085,NC,30OFF,0.17
2829,NC,30OFF,0.12
2415,NC,30OFF,0.19
3026,NC,30OFF,0.12
3733,NC,30OFF,0.17
2063,NC,30OFF,0.18
2866,NC,30OFF,0.16
3237,NC,30OFF,0.17
3864,NC,30OFF,0.2
2140,NC,30OFF,0.19
2722,NC,30OFF,0.13
3703,NC,30OFF,0.17
3704,NC,30OFF,0.18
3773,NC,30OFF,0.15
3844,NC,30OFF,0.2
2870,NC,30OFF,0.16
3483,NC,30OFF,0.18
3300,NC,30OFF,0.18
2414,NC,30OFF,0.16
2948,NC,30OFF,0.16
2144,NC,30OFF,0.13
3948,NC,30OFF,0.13
2633,NC,30OFF,0.16
3001,NC,30OFF,0.17
3032,NC,30OFF,0.2
3003,NC,30OFF,0.16
2117,NC,30OFF,0.16
3449,NC,30OFF,0.13
3693,NC,30OFF,0.17
3069,NC,30OFF,0.17
3086,NC,30OFF,0.2
3867,NC,30OFF,0.2
2235,NC,30OFF,0.17
3704,NC,30OFF,0.16
3362,NC,30OFF,0.17
2877,NC,30OFF,0.16
3010,NC,30OFF,0.15
2622,NC,30OFF,0.15
2738,NC,30OFF,0.13
3773,NC,30OFF,0.12
3168,NC,30OFF,0.15
3546,NC,30OFF,0.17
3126,NC,30OFF,0.19
2642,NC,30OFF,0.13
3783,NC,30OFF,0.13
2048,NC,30OFF,0.14
2130,NC,30OFF,0.14
2899,NC,30OFF,0.18
3488,NC,30OFF,0.15
3925,NC,30OFF,0.13
2365,NC,30OFF,0.16
3599,NC,30OFF,0.18
2209,NC,30OFF,0.12
2566,NC,30OFF,0.13
3764,NC,30OFF,0.2
2008,NC,30OFF,0.14
2015,NC,30OFF,0.2
2223,NC,30OFF,0.15
2912,NC,30OFF,0.18
2337,NC,30OFF,0.2
2647,NC,30OFF,0.19
3050,NC,30OFF,0.16
2965,NC,30OFF,0.19
3889,NC,30OFF,0.19
2825,NC,30OFF,0.19
2708,NC,30OFF,0.12
3963,NC,30OFF,0.17
2527,NC,30OFF,0.16
2123,NC,30OFF,0.15
3438,NC,30OFF,0.17
3925,NC,30OFF,0.13
2299,NC,30OFF,0.18
2278,NC,30OFF,0.12
3359,NC,30OFF,0.12
2278,NC,30OFF,0.18
3842,NC,30OFF,0.15
3724,NC,30OFF,0.2
2990,NC,30OFF,0.16
3234,NC,30OFF,0.13
3789,NC,30OFF,0.14
2902,NC,30OFF,0.14
3648,NC,30OFF,0.14
2179,NC,30OFF,0.15
3505,NC,30OFF,0.18
3421,NC,30OFF,0.2
3567,NC,30OFF,0.2
3346,NC,30OFF,0.14
2547,NC,30OFF,0.17
3417,NC,30OFF,0.2
3908,NC,30OFF,0.18
3294,NC,30OFF,0.19
3248,NC,30OFF,0.12
2867,NC,30OFF,0.16
3706,NC,30OFF,0.12
3617,NC,30OFF,0.12
3111,NC,30OFF,0.19
2543,NC,30OFF,0.17
3054,NC,30OFF,0.13
3629,NC,30OFF,0.19
2315,NC,30OFF,0.2
3665,NC,30OFF,0.15
2537,NC,30OFF,0.16
3454,NC,30OFF,0.14
3674,NC,30OFF,0.14
2803,NC,30OFF,0.15
3807,NC,30OFF,0.14
2854,NC,30OFF,0.12
3542,NC,30OFF,0.13
2583,NC,30OFF,0.15
3380,NC,30OFF,0.14
3651,NC,30OFF,0.17
2030,NC,30OFF,0.15
3202,NC,30OFF,0.2
2529,NC,30OFF,0.15
2351,NC,30OFF,0.15
2381,NC,30OFF,0.14
3466,NC,30OFF,0.19
2582,NC,30OFF,0.19
2016,NC,30OFF,0.12
2772,NC,30OFF,0.15
3296,NC,30OFF,0.12
2592,NC,30OFF,0.13
3596,NC,30OFF,0.15
2014,NC,30OFF,0.12
3189,NC,30OFF,0.18
2270,NC,30OFF,0.18
2581,NC,30OFF,0.14
2379,NC,30OFF,0.19
2189,NC,30OFF,0.14
2895,NC,30OFF,0.14
2264,NC,30OFF,0.16
2610,NC,30OFF,0.2
2737,NC,30OFF,0.16
2327,NC,30OFF,0.18
2891,NC,30OFF,0.14
3665,NC,30OFF,0.17
2529,NC,30OFF,0.15
2794,NC,30OFF,0.13
3781,NC,30OFF,0.2
2492,NC,30OFF,0.15
3441,NC,30OFF,0.16
2972,NC,30OFF,0.16
3007,NC,30OFF,0.19
2362,NC,30OFF,0.15
2362,NC,30OFF,0.12
2242,NC,30OFF,0.17
2264,NC,30OFF,0.19
2950,NC,30OFF,0.19
3072,NC,30OFF,0.16
2356,NC,30OFF,0.16
3810,NC,30OFF,0.16
2785,NC,30OFF,0.18
2457,NC,30OFF,0.2
2635,NC,30OFF,0.14
2438,NC,30OFF,0.16
3607,NC,30OFF,0.19
3421,NC,30OFF,0.17
3014,NC,30OFF,0.14
3960,NC,30OFF,0.2
2502,NC,30OFF,0.16
3302,NC,30OFF,0.16
3938,NC,30OFF,0.16
3434,NC,30OFF,0.16
2303,NC,30OFF,0.16
3144,NC,30OFF,0.13
2819,NC,30OFF,0.17
2098,NC,30OFF,0.2
3492,NC,30OFF,0.17
3394,NC,30OFF,0.14
2193,NC,30OFF,0.13
2035,NC,30OFF,0.18
3881,NC,30OFF,0.16
2958,NC,30OFF,0.15
2555,NC,30OFF,0.17
3665,NC,30OFF,0.15
3927,NC,30OFF,0.15
2274,NC,30OFF,0.16
2405,NC,30OFF,0.15
3064,NC,30OFF,0.15
2304,NC,30OFF,0.16
2339,NC,30OFF,0.12
3283,NC,30OFF,0.12
2974,NC,30OFF,0.17
3705,NC,30OFF,0.16
3287,NC,30OFF,0.16
2698,NC,30OFF,0.12
3438,NC,30OFF,0.13
2350,NC,30OFF,0.14
2439,NC,30OFF,0.19
2093,NC,30OFF,0.14
2559,NC,30OFF,0.15
2142,NC,30OFF,0.16
3941,NC,30OFF,0.12
2905,NC,30OFF,0.15
3248,NC,30OFF,0.17
2827,NC,30OFF,0.2
3587,NC,30OFF,0.15
3335,NC,30OFF,0.2
3053,NC,30OFF,0.18
2241,NC,30OFF,0.17
2780,NC,30OFF,0.17
2720,NC,30OFF,0.15
3544,NC,30OFF,0.18
3120,NC,30OFF,0.15
3020,NC,30OFF,0.14
2629,NC,30OFF,0.16
2501,NC,30OFF,0.17
2662,NC,30OFF,0.17
2573,NC,30OFF,0.14
3589,NC,30OFF,0.16
3815,NC,30OFF,0.18
2313,NC,30OFF,0.17
3161,NC,30OFF,0.17
3539,NC,30OFF,0.16
2660,NC,30OFF,0.15
3304,NC,30OFF,0.17
3001,NC,30OFF,0.15
3256,NC,30OFF,0.16
2424,NC,30OFF,0.13
2308,NC,30OFF,0.14
3842,NC,30OFF,0.13
3447,NC,30OFF,0.1
2959,NC,30OFF,0.13
3675,NC,30OFF,0.1
2397,NC,30OFF,0.12
2337,NC,30OFF,0.14
3773,NC,30OFF,0.17
2110,NC,30OFF,0.12
3260,NC,30OFF,0.13
2608,NC,30OFF,0.17
2486,NC,30OFF,0.1
3944,NC,30OFF,0.15
2265,NC,30OFF,0.16
2914,NC,30OFF,0.14
2167,NC,30OFF,0.1
3341,NC,30OFF,0.11
3565,NC,30OFF,0.15
2900,NC,30OFF,0.13
2303,NC,30OFF,0.14
3348,NC,30OFF,0.1
2375,NC,30OFF,0.12
3971,NC,30OFF,0.12
2678,NC,30OFF,0.14
2791,NC,30OFF,0.14
3873,NC,30OFF,0.12
3370,NC,30OFF,0.09
3993,NC,30OFF,0.14
2063,NC,30OFF,0.11
3472,NC,30OFF,0.12
3796,NC,30OFF,0.09
2821,NC,30OFF,0.13
3357,NC,30OFF,0.15
2987,NC,30OFF,0.15
3962,NC,30OFF,0.13
3744,NC,30OFF,0.13
3685,NC,30OFF,0.15
3460,NC,30OFF,0.1
3142,NC,30OFF,0.11
3026,NC,30OFF,0.16
2781,NC,30OFF,0.16
2834,NC,30OFF,0.12
2674,NC,30OFF,0.15
2495,NC,30OFF,0.12
2206,NC,30OFF,0.13
3416,NC,30OFF,0.12
3883,NC,30OFF,0.14
3917,NC,30OFF,0.11
3865,NC,30OFF,0.14
2769,NC,30OFF,0.14
3387,NC,30OFF,0.13
2092,NC,30OFF,0.17
2621,NC,30OFF,0.12
2534,NC,30OFF,0.15
3576,NC,30OFF,0.14
3601,NC,30OFF,0.16
2867,NC,30OFF,0.15
3855,NC,30OFF,0.16
3636,NC,30OFF,0.1
2562,NC,30OFF,0.16
2242,NC,30OFF,0.14
2577,NC,30OFF,0.14
3514,NC,30OFF,0.12
3705,NC,30OFF,0.13
3382,NC,30OFF,0.14
2123,NC,30OFF,0.13
3147,NC,30OFF,0.12
2691,NC,30OFF,0.13
2654,NC,30OFF,0.16
2901,NC,30OFF,0.09
2421,NC,30OFF,0.13
2508,NC,30OFF,0.12
2854,NC,30OFF,0.12
3976,NC,30OFF,0.14
3063,NC,30OFF,0.13
2558,NC,30OFF,0.12
3747,NC,30OFF,0.12
2773,NC,30OFF,0.12
2256,NC,30OFF,0.09
3600,NC,30OFF,0.14
2283,NC,30OFF,0.11
3490,NC,30OFF,0.14
3908,NC,30OFF,0.09
2094,NC,30OFF,0.1
2731,NC,30OFF,0.17
3790,NC,30OFF,0.13
3827,NC,30OFF,0.11
3370,NC,30OFF,0.12
3831,NC,30OFF,0.13
2695,NC,30OFF,0.09
3563,NC,30OFF,0.1
3353,NC,30OFF,0.14
3784,NC,30OFF,0.09
3421,NC,30OFF,0.09
3099,NC,30OFF,0.13
3032,NC,30OFF,0.11
3252,NC,30OFF,0.17
3031,NC,30OFF,0.12
3087,NC,30OFF,0.1
2112,NC,30OFF,0.1
2776,NC,30OFF,0.12
3710,NC,30OFF,0.14
3834,NC,30OFF,0.12
3411,NC,30OFF,0.14
2102,NC,30OFF,0.1
2228,NC,30OFF,0.15
2739,NC,30OFF,0.12
2165,NC,30OFF,0.14
3310,NC,30OFF,0.13
2760,NC,30OFF,0.1
2475,NC,30OFF,0.16
2118,NC,30OFF,0.17
2876,NC,30OFF,0.09
3369,NC,30OFF,0.13
3774,NC,30OFF,0.12
3368,NC,30OFF,0.12
2835,NC,30OFF,0.13
3069,NC,30OFF,0.1
